No.,Object Name,RA-s,Dec-s,RA,Dec,Object Type,cz (Velocity),Redshift (z),z flag,Reference,Note,Photometry,Position,Redshift,Diameter,Distances,Classification,Images,Spectra
1,UM 257,00h34m08.5704s,+00d33m40.026s,8.53571,0.5611185,G,20627.7255227742,0.068806686,SLS,19,0,71,11,8,10,0,0,1,1
2,MCG +00-02-101,00h38m26.6384s,-00d00m42.551s,9.6109934,-0.0118199,G,13473.3386017768,0.04494222,SLS,26,0,59,19,14,8,0,0,2,3
3,UM 269,00h43m19.7396s,+00d51m15.325s,10.8322484,0.8542571,QSO,92405.02932934,0.30823,SUN,102,0,73,31,34,8,0,1,0,1
4,UM 326,01h27m37.1736s,+00d56m42.271s,21.90489,0.94507545,WD*,14.7007818604907,4.903653e-05,SLS,5,0,13,6,3,4,0,0,0,1
5,UM 341,01h34m18.1898s,+00d15m36.692s,23.575791,0.2601924,QSO,120216.775658,0.401,SLS,87,0,95,29,32,13,0,1,0,2
6,IC 0145,01h38m38.4766s,+00d44m29.312s,24.6603194,0.7414757,G,12798.6676667461,0.04269176,SLS,41,0,72,18,14,12,0,1,2,2
7,UM 399,02h08m40.4393s,+00d17m12.592s,32.1684970752,0.2868312812,*,0.0,0.0,SLS,4,0,12,4,1,4,0,0,0,0
8,UM 417,02h19m30.2937s,-00d59m11.658s,34.876224,-0.9865717,G,2530.847930436,0.008442,SLS,34,3,28,10,8,0,0,2,4,0
9,ZTF18acefogm,10h49m57.6432s,+51d52m10.917s,162.4901802,51.8696992,G,7173.40545474049,0.023927905,SLS,32,0,55,16,10,8,1,2,2,1
10,MCG +09-18-044,10h52m14.7504s,+50d33m40.356s,163.06146,50.56121,G,7728.57701746516,0.025779758,SLS,25,0,62,29,18,9,0,0,1,1
11,MCG +09-18-054,10h54m44.7900s,+50d44m39.152s,163.686625,50.744209,G,7442.90148651993,0.024826847,SLS,21,0,57,10,5,11,0,0,2,1
12,MCG +09-19-027,11h17m30.7333s,+51d57m59.025s,169.3780556,51.9663959,G,8245.93245974526,0.02750547,SLS,39,0,70,24,21,11,0,1,2,1
13,CGCG 268-027,11h22m49.9359s,+51d12m27.816s,170.7080664,51.2077267,G,7828.77185402318,0.026113972,SLS,37,0,68,20,17,11,0,1,2,2
14,ZTF18aauhytx,11h26m37.7339s,+51d34m23.090s,171.6572249,51.5730806,G,7918.5381101372,0.0264134,SLS,63,0,76,36,31,11,0,2,2,0
15,CGCG 268-037,11h26m56.5745s,+50d35m49.238s,171.7357271,50.5970108,G,6966.0674918254,0.0232363,SLS,28,0,67,14,10,10,1,2,1,1
16,MCG +09-19-085,11h28m46.2920s,+52d14m54.683s,172.1928835,52.2485231,G,14524.4511317141,0.048448354,SLS,22,0,42,17,12,7,0,0,2,0
17,MCG +09-19-187,11h47m46.1700s,+51d02m49.151s,176.9423751,51.0469866,G,16998.6520780412,0.0567014,SLS,16,0,52,15,10,7,0,0,2,1
18,MCG +09-19-203,11h49m25.5381s,+52d17m21.955s,177.356409,52.2894322,G,15846.3398072266,0.0528577,SLS,27,0,63,10,8,11,1,1,2,1
19,CGCG 268-090,11h50m05.8321s,+50d28m02.815s,177.5243004,50.4674487,G,7053.6332712977,0.023528388,SLS,42,0,72,25,19,11,0,2,2,1
20,MCG +09-19-213,11h50m32.5260s,+55d03m28.675s,177.6355253,55.0579655,G,5494.09461744177,0.018326327,SLS,41,0,71,18,14,11,0,2,2,1
21,MRK 1465,12h03m17.1029s,+51d24m14.136s,180.8212622743,51.4039267684,G,8802.506151796,0.029362,SLS,12,0,17,7,8,4,0,0,1,0
22,MCG +09-20-075,12h03m32.2441s,+51d43m35.045s,180.8843506,51.7264016,G,20186.6120992428,0.06733529,SLS,11,0,50,10,6,6,0,0,2,0
23,ZTF18aamsjpn,12h14m19.4997s,+51d18m09.852s,183.5812488,51.3027369,G,3941.89218482555,0.013148737,SLS,31,0,71,21,16,11,0,1,2,2
24,MCG +09-20-126,12h15m09.8915s,+50d41m06.923s,183.7912146,50.6852566,G,8902.67850391966,0.029696139,SLS,32,0,66,14,11,11,0,1,2,1
25,MCG +09-20-148,12h20m03.1595s,+55d48m56.598s,185.0131646,55.8157217,G,10244.6877502508,0.0341726,SLS,31,0,65,17,12,11,0,0,2,1
26,MCG +09-20-150,12h20m23.4216s,+55d43m57.784s,185.09759,55.732718,G,9270.79036538082,0.030924028,SLS,22,0,34,18,14,8,0,0,2,1
27,ZTF18aaxydyj,12h23m31.0804s,+55d39m23.576s,185.8795018,55.6565491,G,9319.2584116506,0.0310857,SLS,34,1,67,18,15,12,0,3,2,1
28,MCG +09-20-173,12h25m46.8183s,+55d08m12.789s,186.4450764,55.136886,G,19961.5549030976,0.06658458,SLS,18,0,62,17,11,9,0,0,1,1
29,SBS 1224+561A,12h26m25.1918s,+55d49m42.421s,186.6049659,55.8284504,G,15561.9566815678,0.0519091,SLS,26,1,72,19,14,11,0,0,2,1
30,ZTF18aaiidgi,12h46m26.8511s,+50d47m31.326s,191.6118799,50.7920351,G,8094.40895728324,0.027000042,SLS,44,0,73,23,17,12,0,2,2,2
31,MCG +09-21-046,12h46m41.8590s,+50d43m47.727s,191.6744125,50.7299242,G,8154.87889481658,0.027201748,SLS,22,0,52,15,11,7,0,1,2,1
32,NGC 4998,13h08m10.1725s,+50d39m49.383s,197.0423858,50.6637176,G,8914.928323546,0.029737,SUN,19,0,46,16,10,8,0,0,2,1
33,MCG +09-23-002,13h44m21.5700s,+55d51m21.431s,206.0898751,55.8559531,G,11215.571621333,0.03741112,SLS,51,0,91,26,19,11,0,1,2,1
34,MCG +09-23-006,13h45m00.1384s,+51d05m20.126s,206.250577,51.088924,G,8571.96874951858,0.02859301,SLS,20,0,39,18,14,8,0,0,2,1
35,MCG +09-23-063,14h19m53.2479s,+52d05m57.666s,214.9718665,52.0993517,G,13056.3722615675,0.04355137,SLS,26,0,66,15,11,12,0,0,2,1
36,ZTF18aagstka,15h07m45.0038s,+51d27m10.306s,226.9375159,51.4528628,G,13765.3796259827,0.045916364,SLS,131,3,92,40,29,11,0,3,2,1
37,ZTF19acllhlh,01h25m28.8438s,-00d05m55.932s,21.3701826754167,-0.0988700383333333,QSO,322136.859292868,1.0745329,SLS,307,4,144,68,69,8,0,2,5,7
38,SDSS J120317.39+512400.0,12h03m17.3962s,+51d24m00.046s,180.8224844132,51.4000129177,G,8735.352641204,0.029138,SLS,4,0,5,6,6,4,0,0,1,0
39,4C -00.03,00h36m27.0014s,+00d13m03.619s,9.1125062,0.217672,QSO,168290.295053048,0.561356,SUN,48,0,55,19,12,4,0,1,1,0
40,WISEA J003305.02-000830.1,00h33m05.0224s,-00d08m30.191s,8.2709267,-0.1417199,G,64455.37847,0.215,SUN,5,0,47,9,2,4,0,0,1,0
41,FGC 0061,00h34m43.4897s,-00d02m26.863s,8.6812072,-0.0407954,G,12595.5603749983,0.042014267,SLS,58,0,69,25,21,6,0,2,4,3
42,ZTF18abwhdpm,00h46m53.7612s,+00d36m46.648s,11.724005,0.612958,G,20687.189057026,0.069005035,SLS,25,1,58,12,11,10,0,0,2,1
43,WISEA J011254.98+004051.9,01h12m54.9861s,+00d40m51.940s,18.229109,0.6810946,G,19427.2617865255,0.06480237,SLS,25,0,78,20,14,10,4,0,2,1
44,WISEA J015840.60+001924.3,01h58m40.6078s,+00d19m24.362s,29.6691993,0.3234339,G,51864.095234,0.173,SUN,5,0,42,7,2,4,0,0,1,0
45,WISEA J015951.00+005616.6,01h59m51.0008s,+00d56m16.603s,29.9625034,0.9379453,G,17922.7233568067,0.05978377,SLS,28,0,69,14,10,10,0,0,2,1
46,WISEA J110504.21+505949.9,11h05m04.2153s,+50d59m49.989s,166.2675639,50.9972193,G,35461.4605417086,0.1182867,SUN,27,0,75,19,11,10,0,0,2,0
47,WISEA J114235.68+512056.3,11h42m35.6854s,+51d20m56.361s,175.6486892,51.3489894,G,20974.379739054,0.069963,SLS,8,0,31,6,2,2,0,0,2,0
48,WISEA J114325.14+505154.7,11h43m25.1474s,+50d51m54.788s,175.854781,50.865219,G,25321.96996497,0.084465,SLS,26,0,77,17,13,6,0,0,2,1
49,WISEA J120652.44+515918.7,12h06m52.4499s,+51d59m18.758s,181.7185416,51.9885441,QSO,119317.398284,0.398,SLS,36,0,45,10,13,8,0,2,1,1
50,WISEA J121708.04+515955.7,12h17m08.0496s,+51d59m55.712s,184.2835402,51.998809,G,14114.2229267908,0.04707998,SLS,31,0,74,19,12,10,0,2,2,1
51,SBS 1231+509,12h33m31.5363s,+50d38m35.836s,188.3814013,50.643288,G,9322.74679669189,0.031097336,SLS,34,0,74,22,15,12,0,0,2,1
52,WISEA J130458.89+513350.5,13h04m58.8962s,+51d33m50.522s,196.2454011,51.5640339,G,44709.54822383,0.149135,SLS,5,0,45,5,1,6,0,0,2,0
53,WISEA J131028.37+510323.7,13h10m28.3726s,+51d03m23.706s,197.6182193,51.0565852,G,17078.8603510093,0.056968946,SLS,19,0,71,10,6,10,0,0,2,1
54,WISEA J134135.12+515414.4,13h41m35.1221s,+51d54m14.495s,205.3963421,51.9040266,G,30637.1643324776,0.10219458,SLS,17,0,51,11,9,6,0,0,2,1
55,WISEA J140855.59+544304.7,14h08m55.5903s,+54d43m04.747s,212.2316263,54.7179853,G,12142.054730423,0.040501535,SLS,23,0,71,11,8,10,0,1,2,1
56,SBS 1418+514,14h20m32.9314s,+51d12m41.717s,215.1372145,51.2115881,G,19155.538896368,0.063896,SLS,13,0,34,7,6,6,0,0,2,1
57,WISEA J144346.75+512610.2,14h43m46.7516s,+51d26m10.293s,220.9447984,51.4361926,G,42482.9686527919,0.14170793,SLS,10,0,61,11,7,8,0,0,1,1
58,WISEA J152706.29+535143.6,15h27m06.2941s,+53d51m43.684s,231.7762256,53.8621347,G,24218.3068150698,0.080783576,SLS,16,0,55,11,8,6,0,0,2,1
59,WISEA J154116.97+513854.1,15h41m16.9792s,+51d38m54.111s,235.3207469,51.6483642,G,11083.7483806635,0.036971405,SLS,18,0,64,9,6,10,0,0,2,1
60,WISEA J154922.33+511156.7,15h49m22.3332s,+51d11m56.714s,237.343055,51.1990874,G,15138.8607847622,0.050497804,SLS,23,2,52,12,11,6,0,0,2,1
61,KUG 0211+003,02h13m59.0439s,+00d35m53.431s,33.4960166,0.5981753,G,12249.7422798838,0.040860742,SLS,17,0,62,11,5,8,0,0,0,1
62,KUG 0215-006,02h18m01.6405s,-00d24m56.464s,34.5068355,-0.4156845,G,12270.8368763985,0.040931106,SLS,22,0,34,13,10,3,0,0,0,1
63,KUG 0221+003,02h23m46.6598s,+00d36m05.872s,35.944416,0.6016312,G,8831.96106058696,0.029460251,SLS,18,0,57,16,12,8,0,0,0,2
64,SBS 1422+545,14h23m54.1106s,+54d17m35.355s,215.975461,54.2931542,G,6191.313842616,0.020652,SLS,21,1,68,11,6,10,0,0,1,1
65,KUG 1502+538,15h04m07.8124s,+53d38m08.797s,226.032552,53.635777,G,11530.9095174501,0.038462974,SLS,20,0,54,15,11,10,0,0,1,1
66,LBQS 0051-0035,00h54m08.9808s,-00d19m09.630s,13.5374201,-0.3193418,QSO,281367.528313401,0.93854105,SLS,48,0,56,20,30,8,0,1,0,1
67,LBQS 0053-0015,00h56m29.3202s,+00d01m09.463s,14.1221677,0.0192954,QSO,352256.13815,1.175,SLS,47,0,54,16,27,8,0,1,0,1
68,LBQS 0059+0004,01h01m51.0857s,+00d20m28.735s,15.4628574,0.3413155,QSO,96417.9612343906,0.3216157,SLS,45,0,54,20,25,8,0,1,0,1
69,LBQS 0107+0022,01h09m54.3619s,+00d38m13.163s,17.476508,0.6369898,QSO,594168.59564056,1.9819331,SLS,60,0,54,22,31,8,0,2,0,2
70,LBQS 0052-0038,00h55m27.4623s,-00d21m48.595s,13.8644265,-0.3634987,G,50189.8203104108,0.16741522,SLS,51,1,79,28,25,8,0,1,0,1
71,LBQS 0101-0028,01h04m03.1660s,-00d12m52.984s,16.013192,-0.214718,G,24860.2745900271,0.08292495,SLS,10,0,28,9,5,4,0,1,1,2
72,SBS 1502+516B,15h04m28.5924s,+51d29m10.745s,226.1191353,51.4863183,G,7623.33127757477,0.025428696,SLS,14,0,40,10,6,4,0,0,0,1
73,SBS 1517+513,15h18m44.8394s,+51d12m26.013s,229.686831,51.207226,G,4251.24412493379,0.014180624,SLS,18,0,39,5,4,8,0,0,0,1
74,SBS 1408+551B,14h10m25.4840s,+54d53m49.201s,212.6061836,54.8970003,G,11905.6488907803,0.03971297,SLS,18,0,52,8,6,8,0,0,0,1
75,SBS 1430+521,14h32m02.8119s,+51d52m52.609s,218.0117163,51.8812804,G,7678.6142059998,0.0256131,SLS,19,0,55,15,12,8,0,0,5,1
76,WISEA J141116.09+521241.4,14h11m16.0959s,+52d12m41.425s,212.8170664,52.2115071,G,0.0,0.0,SLS,5,0,23,4,1,4,0,1,0,0
77,SDSS J141112.78+521125.9,14h11m12.7873s,+52d11m25.980s,212.8032807422,52.1905502027,G,119916.984998755,0.400000006,SUN,3,0,5,2,2,4,0,1,0,0
78,SDSS J141113.17+521117.9,14h11m13.1765s,+52d11m17.905s,212.8049021227,52.188307046,G,95933.5844614528,0.319999993,SUN,3,0,8,3,2,4,0,1,0,0
79,WISEA J014751.96+000658.9,01h47m51.9637s,+00d06m58.962s,26.9665155,0.1163785,G,134279.668120132,0.44790876,SLS,15,0,36,9,6,4,0,0,0,1
80,SDSS J020718.03-001256.5,02h07m18.0336s,-00d12m56.592s,31.82514,-0.21572,G,611876.406778,2.041,SLS,8,0,21,7,3,4,0,0,0,0
81,WISEA J105424.06+505815.9,10h54m24.0675s,+50d58m15.933s,163.6002813,50.9710926,G,837020.542736,2.792,SLS,10,0,33,10,2,4,0,0,0,0
82,SDSS J113116.45+514634.2,11h31m16.4550s,+51d46m34.248s,172.8185627956,51.776180118,*,882888.78881,2.945,SLS,21,0,11,6,2,4,0,0,0,0
83,WISEA J122922.07+514706.6,12h29m22.0787s,+51d47m06.661s,187.3419947,51.7851838,RadioS,786955.20225,2.625,SLS,16,0,24,7,2,0,0,0,0,0
84,2MASS J12372394+5057191,12h37m23.9158s,+50d57m19.158s,189.34964916667,50.95532166667,G,79342.28647804,0.26465738,SLS,17,0,27,12,2,4,0,1,2,0
85,SBS 1238+519,12h41m16.4790s,+51d41m29.974s,190.3186627,51.6916597,QSO,246729.192934,0.823,SLS,62,0,49,19,19,8,0,0,0,1
86,SBS 1303+557,13h06m03.3511s,+55d29m43.856s,196.513962975833,55.4955157388889,QSO,479667.9328,1.6,SLS,88,0,56,36,27,8,0,2,2,1
87,WISEA J131501.19+560333.4,13h15m01.1903s,+56d03m33.453s,198.7549598,56.0592925,G,37444.0780042,0.1249,SLS,17,0,86,12,5,12,0,0,1,1
88,ZTF19aavlbmn,13h41m36.2363s,+55d14m37.959s,205.4009847,55.2438776,QSO,62055.7047295619,0.20699555,SLS,49,0,65,25,15,8,0,1,0,1
89,WISEA J143719.78+511249.3,14h37m19.8040s,+51d12m49.369s,219.3325166666,51.2137136111,*,646652.331906,2.157,SLS,39,0,37,24,9,4,0,1,2,0
90,WISEA J154543.84+540042.8,15h45m43.8260s,+54d00m42.759s,236.4326083333,54.0118775,UvES,577999.859024,1.928,SLS,36,0,29,18,7,4,0,1,2,0
91,WISEA J161018.60+531551.1,16h10m18.6200s,+53d15m50.440s,242.57758333333,53.26401111111,RadioS,472472.913808,1.576,SLS,12,0,29,11,5,0,0,0,0,0
92,I Zw 108 NOTES02,15h19m57.9627s,+51d18m47.246s,229.9915113,51.3131241,G,22532.5930104531,0.07516064,SLS,38,1,66,15,14,10,1,1,2,1
93,WISEA J011703.58+000027.3,01h17m03.5880s,+00d00m27.398s,19.2649502,0.0076106,G,13681.02882083,0.045635,SUN,77,1,79,34,30,10,4,2,2,1
94,FGC 1389,12h14m15.5957s,+50d41m54.463s,183.5649821,50.698462,G,8698.67393334507,0.029015653,SLS,19,0,33,6,4,4,0,1,0,1
95,FGC 235A,15h51m33.9446s,+53d31m28.675s,237.891436,53.524632,G,19991.8189517327,0.06668553,SLS,22,0,42,13,10,6,0,0,1,1
96,GIN 064,01h14m46.3268s,-00d00m03.654s,18.6930284,-0.001015,G,5385.32271866037,0.017963503,SLS,44,0,85,26,20,10,1,4,2,2
97,WISEA J011459.61+001533.2,01h14m59.6169s,+00d15m33.236s,18.7484038,0.2592324,G,14495.001319395,0.04835012,SLS,37,0,69,21,11,6,1,3,2,1
98,WISEA J011532.02+001723.4,01h15m32.0249s,+00d17m23.467s,18.8834374,0.2898522,G,13978.0254143667,0.046625674,SLS,31,0,63,15,13,10,0,1,2,1
99,WISEA J005447.17+003316.0,00h54m47.1499s,+00d33m15.426s,13.6964579265,0.5542852623,G,61594.758835764,0.205458,SLS,2,0,21,4,1,4,0,0,0,0
100,WISEA J005447.74+003947.0,00h54m47.7465s,+00d39m47.326s,13.6989437673,0.6631461798,G,113545.793882584,0.378748,SLS,3,0,27,3,2,4,0,0,0,0
101,WISEA J005508.67+003634.5,00h55m08.6746s,+00d36m34.575s,13.7861444,0.6096043,G,19792.8958633212,0.066021994,SLS,5,0,38,7,3,4,0,0,1,1
102,WISEA J005511.37+004010.4,00h55m11.3712s,+00d40m10.412s,13.7973801,0.669559,G,3.67168084824132,1.2247409e-05,SLS,2,0,23,5,2,4,0,0,0,1
103,WISEA J015506.18+004338.4,01h55m06.1865s,+00d43m38.493s,28.7757774,0.7273592,G,58762.5325452252,0.19601071,SLS,3,0,36,7,2,4,0,0,0,1
104,WISEA J015512.51+005435.7,01h55m12.5140s,+00d54m35.788s,28.8021418,0.9099413,G,50647.537439436,0.168942,SLS,4,0,33,4,2,4,0,0,0,0
105,WISEA J015514.44+004729.7,01h55m14.4462s,+00d47m29.778s,28.8101926,0.791605,G,86544.986152814,0.288683,SLS,2,0,31,4,1,4,0,0,0,0
106,WISEA J015526.31+004426.5,01h55m26.3108s,+00d44m26.575s,28.8596287,0.7407155,G,26495.0038904816,0.08837782,SLS,8,0,42,9,4,4,0,0,1,1
107,WISEA J122835.40+554024.8,12h28m35.4053s,+55d40m24.814s,187.1475221,55.6735596,G,18952.9091740058,0.0632201,SLS,26,0,67,11,7,10,0,3,1,1
108,WISEA J140418.45+545643.4,14h04m18.4558s,+54d56m43.499s,211.0768992,54.9454164,G,20378.2963989634,0.06797468,SLS,23,0,66,10,6,10,1,0,1,1
109,WISEA J150809.39+534914.9,15h08m09.3938s,+53d49m14.917s,227.0391411,53.8208104,G,11505.9326086043,0.03837966,SLS,17,0,68,11,7,10,0,0,1,1
110,WISEA J153506.86+535304.5,15h35m06.8651s,+53d53m04.543s,233.7786048,53.8845954,G,12123.0062174342,0.040437996,SLS,7,0,27,6,3,2,0,0,1,0
111,SBS 1210+537A,12h12m55.8946s,+53d27m38.164s,183.2328942,53.4606012,G,1154.98348157387,0.0038526102,SLS,27,2,66,20,13,10,0,0,1,1
112,WISEA J154740.20+532357.1,15h47m40.2043s,+53d23m57.178s,236.9175179,53.3992163,G,15066.8164600104,0.05025749,SLS,15,0,66,10,8,10,0,0,1,1
113,WISEA J112724.08+514420.8,11h27m24.0577s,+51d44m21.028s,171.8502404,51.7391747,G,82.701347048796,0.000275862,SLS,2,0,26,7,2,3,0,0,0,0
114,WISEA J130610.93+520639.2,13h06m10.9367s,+52d06m39.249s,196.5455699,52.1109026,G,7780.81855140379,0.025954017,SLS,21,0,70,18,13,10,0,0,1,1
115,WISEA J111723.07+510048.2,11h17m23.0705s,+51d00m48.258s,169.3461274,51.0134051,G,13921.4162041075,0.046436846,SLS,24,0,66,18,15,10,0,0,1,1
116,WISEA J120054.83+512521.5,12h00m54.8365s,+51d25m21.598s,180.2284855,51.4226662,G,19977.8096501704,0.0666388,SUN,10,0,62,11,5,7,0,0,1,0
117,WISEA J123058.73+505529.8,12h30m58.7321s,+50d55m29.804s,187.7447174,50.9249457,G,13306.7079577712,0.0443864,SLS,18,0,51,12,9,6,0,0,1,1
118,WISEA J130518.68+512416.5,13h05m18.6826s,+51d24m16.526s,196.3278442,51.4045907,G,28471.3317072041,0.09497014,SLS,20,0,67,12,9,10,0,0,1,0
119,WISEA J133422.14+512047.5,13h34m22.1426s,+51d20m47.512s,203.5922609,51.3465313,G,4526.25663773289,0.015097967,SLS,10,0,50,15,8,6,0,0,1,0
120,ZTF18aakebhi,13h44m19.5961s,+51d26m24.788s,206.0816504,51.440219,G,18863.0119085876,0.062920235,SLS,40,0,67,27,19,10,0,0,1,1
121,WISEA J135346.86+512605.6,13h53m46.8687s,+51d26m05.626s,208.4452866,51.4348961,G,16367.6453149333,0.054596588,SLS,22,0,62,10,8,10,1,1,1,1
122,WISEA J150927.05+505911.8,15h09m27.0526s,+50d59m11.891s,227.3627195,50.9866366,G,25774.0959646535,0.08597313,SLS,17,0,67,10,7,10,0,0,1,1
123,WISEA J135907.65+484013.5,13h59m07.6545s,+48d40m13.572s,209.781894,48.6704369,G,22706.2010241262,0.075739734,SLS,19,0,53,11,8,6,0,0,1,1
124,WISEA J122402.86+501915.5,12h24m02.8660s,+50d19m15.593s,186.0119417,50.3209982,G,16750.4958730071,0.05587364,SLS,14,0,61,10,5,8,0,0,0,1
125,WISEA J143717.72+501653.9,14h37m17.7246s,+50d16m53.951s,219.3238525,50.2816531,G,7724.47195933777,0.025766065,SLS,14,0,77,12,9,12,0,0,0,2
126,WISEA J151623.90+504646.9,15h16m23.9083s,+50d46m46.920s,229.0996179,50.7797,G,9114.21296166183,0.030401742,SLS,17,0,62,12,10,10,0,0,1,1
127,WISEA J125031.21+520401.5,12h50m31.2186s,+52d04m01.577s,192.6300777,52.0671048,G,8934.40973684421,0.029801983,SLS,21,0,66,10,7,10,0,1,1,1
128,2MASX J11324897+5101310,11h32m48.9976s,+51d01m30.597s,173.204157,51.025166,G,10392.4284714778,0.03466541,SLS,5,0,22,7,3,2,0,0,1,0
129,WISEA J123055.77+511656.2,12h30m55.7773s,+51d16m56.216s,187.7324058,51.2822823,G,12910.2642100667,0.043064006,SLS,28,0,67,15,12,10,0,1,1,1
130,WISEA J133444.41+504613.4,13h34m44.4116s,+50d46m13.418s,203.6850487,50.7703939,G,25801.1090638741,0.086063236,SLS,24,0,70,16,13,10,1,0,1,2
131,WISEA J140155.23+513110.2,14h01m55.2324s,+51d31m10.287s,210.4801351,51.5195243,G,12362.4522523935,0.041236702,SLS,27,0,65,14,11,10,0,1,1,1
132,SDSS J013421.95+001639.7,01h34m21.9502s,+00d16m39.785s,23.5914592935,0.2777182039,G,81413.13885677,0.271565,SLS,2,0,19,3,1,4,0,0,0,0
133,WISEA J013412.07+001625.3,01h34m12.0740s,+00d16m25.357s,23.5503084,0.2737104,G,85258.876507994,0.284393,SLS,2,0,37,4,1,4,0,0,0,0
134,SDSS J013412.05+001610.3,01h34m12.0576s,+00d16m10.356s,23.5502400326,0.2695434424,G,54922.278098058,0.183201,SLS,2,0,15,2,1,4,0,0,0,0
135,SDSS J013419.95+001512.1,01h34m19.9532s,+00d15m12.127s,23.5831386384,0.2533688373,G,120864.926952196,0.403162,SLS,2,0,15,2,1,4,0,0,0,0
136,2MASX J00400691+0040595,00h40m06.9091s,+00d40m59.307s,10.028788,0.683141,G,23831.5787413442,0.07949359,SLS,18,0,45,9,5,6,0,0,1,1
137,WISEA J010713.99+004733.7,01h07m13.9960s,+00d47m33.784s,16.8083169,0.7927179,G,15433.2641735372,0.051479828,SLS,24,0,71,15,12,10,0,1,1,1
138,WISEA J014434.11+004418.5,01h44m34.1117s,+00d44m18.561s,26.1421321,0.7384894,G,17713.6885685793,0.059086505,SLS,31,0,79,15,12,10,0,1,1,1
139,WISEA J015420.49+003906.4,01h54m20.4994s,+00d39m06.458s,28.5854143,0.6517939,G,18068.8745784213,0.060271278,SLS,13,0,53,14,7,6,0,0,1,1
140,WISEA J003921.83+001101.2,00h39m21.8304s,+00d11m01.264s,9.84096,0.1836845,G,24211.4637524235,0.08076075,SLS,27,0,75,12,9,10,1,0,1,1
141,2MASX J01224599-0025343,01h22m46.0100s,-00d25m35.100s,20.69170833333,-0.42641666667,G,5181.612844072,0.017284,SLS,28,0,64,24,17,6,0,0,1,2
142,WISEA J011207.75-010002.2,01h12m07.7504s,-01d00m02.284s,18.0322934,-1.0006346,G,3726.60312633938,0.01243061,SLS,22,0,73,19,13,10,0,0,1,1
143,2MASX J02243870-0047575,02h24m38.7244s,-00d47m57.231s,36.161352,-0.799231,G,20023.92372606,0.06679262,SLS,26,0,59,34,29,10,0,2,1,2
144,WISEA J020702.16+004523.2,02h07m02.1668s,+00d45m23.240s,31.7590286,0.7564558,G,12550.7932666225,0.04186494,SLS,27,0,72,17,12,10,1,0,1,1
145,HETDEX J002538.02+000209.3,00h25m37.7171s,+00d02m12.314s,6.40715480353,0.03675412564,G,12658.73653905,0.042225,SLS,2,0,0,2,1,0,0,0,0,0
146,WISEA J005204.27+000535.7,00h52m04.2777s,+00d05m35.756s,13.0178241,0.0932656,G,16579.6132725697,0.055303637,SLS,23,0,72,16,13,10,0,2,1,1
147,WISEA J012529.13-000326.6,01h25m29.1381s,-00d03m26.657s,21.3714088,-0.0574048,G,6286.69131416641,0.020970145,SLS,35,0,74,25,18,6,0,0,1,1
148,WISEA J013726.89-002506.5,01h37m26.8957s,-00d25m06.586s,24.3620654,-0.4184961,G,16801.6344704928,0.05604422,SLS,15,0,51,13,7,6,1,0,1,2
149,KUG 0155-012,01h58m18.6709s,-01d02m57.336s,29.5777956,-1.04926,G,12756.0509696715,0.042549606,SLS,16,0,46,18,11,3,0,0,0,1
150,KUG 0201-004,02h04m21.3472s,-00d10m46.534s,31.088947,-0.179593,G,23474.5529051874,0.07830268,SLS,23,0,40,10,6,6,0,0,1,1
151,KUG 0202-001,02h05m18.2332s,+00d03m19.968s,31.325972,0.05554678,G,5920.601253042,0.019749,SLS,30,0,60,18,11,8,0,0,0,2
152,KUG 1453+507,14h55m12.0396s,+50d29m54.452s,223.800165,50.498459,G,11212.7616666241,0.037401747,SLS,28,0,61,15,12,10,0,1,1,1
153,KUG 1501+524,15h03m17.9376s,+52d16m05.062s,225.8247403,52.2680729,G,22612.8564452335,0.07542837,SLS,17,0,66,14,9,10,0,0,1,1
154,SBS 1502+507,15h04m19.5399s,+50d32m28.742s,226.0814165,50.5413173,G,4001.69028746052,0.013348202,SLS,20,0,51,9,6,8,0,0,0,1
155,KUG 0210-011A,02h12m48.3604s,-00d53m19.647s,33.2015018,-0.8887909,G,12470.0516628717,0.041595615,SLS,5,0,33,8,3,4,0,0,0,1
156,KUG 1447+512,14h48m45.1378s,+51d00m48.174s,222.1880743,51.0133817,G,14640.664478888,0.048836,SLS,9,0,47,8,2,6,0,0,1,0
157,SBS 1408+551A,14h09m56.7467s,+54d56m49.101s,212.4864447,54.9469725,G,23177.8003427116,0.07731282,SLS,20,1,68,14,10,8,0,1,1,1
158,SBS 1418+540,14h20m30.1633s,+53d51m59.361s,215.1256807,53.8664894,G,33218.203516232,0.110804,SLS,21,0,71,14,9,10,0,0,1,1
159,WISEA J152307.34+535358.3,15h23m07.3410s,+53d53m58.323s,230.7805877,53.8995344,QSO,556317.189623675,1.8556744,SLS,43,0,77,20,21,9,0,2,0,1
160,SBS 1526+540,15h28m00.2091s,+53d52m23.769s,232.0008713,53.8732693,QSO,416879.76014743,1.3905612,SLS,42,0,46,13,18,8,0,1,0,1
161,GALEXASC J141802.15+523105.3,14h18m02.1530s,+52d31m04.340s,214.50897083333,52.51787222222,G,2997.92451404566,0.00999999978,SLS,12,0,11,9,7,0,0,0,1,0
162,SDSS J141823.70+523017.9,14h18m23.7086s,+52d30m17.998s,214.5987861485,52.5049995083,G,70691.0615964,0.2358,SUN,7,0,33,5,3,4,0,0,0,0
163,SDSS J141815.92+523256.4,14h18m15.9000s,+52d32m56.500s,214.56625,52.54902777778,G,61159.759979206,0.204007,SLS,14,0,23,5,7,4,0,0,0,1
164,WISEA J141807.57+523118.5,14h18m07.5739s,+52d31m18.542s,214.5315579,52.5218173,G,19727.1831552824,0.0658028,SLS,15,0,29,8,7,0,0,0,1,0
165,SDSS J141730.21+523033.3,14h17m30.2200s,+52d30m33.300s,214.37591666667,52.50925,G,51824.5220299591,0.172867998,SLS,13,0,18,8,8,0,0,0,0,1
166,SDSS J141730.01+523412.5,14h17m30.0158s,+52d34m12.968s,214.37506583333,52.57026888889,G,86370.2071498,0.2881,SUN,11,0,27,7,6,4,0,0,0,0
167,WISEA J142009.54+542639.0,14h20m09.5435s,+54d26m39.069s,215.0397646,54.444186,QSO,175045.518509162,0.583889,SLS,42,0,44,13,17,9,0,1,0,1
168,SBS 1215+521,12h17m36.6646s,+51d55m10.340s,184.4027693,51.9195389,QSO,666438.634134,2.223,SLS,67,1,64,31,23,6,0,2,0,1
169,SBS 1510+517,15h11m33.6673s,+51d35m04.344s,227.8902806237,51.5845402509,QSO,0.0,0.0,SLS,5,0,11,3,2,4,0,1,0,0
170,SBS 1212+558,12h14m41.0376s,+55d36m34.353s,183.67099,55.6095426,G,40446.799263528,0.134916,SUN,27,0,66,14,7,10,0,1,1,1
171,ZTF20aaqpzao,13h04m21.8520s,+56d08m17.222s,196.0910502,56.1381173,QSO,89338.152484,0.298,SLS,49,0,61,16,17,8,0,1,0,1
172,ZTF21aaplbpm,15h43m59.4351s,+53d59m03.195s,235.9976463,53.984221,QSO,709719.281565265,2.3673687,SLS,94,3,90,25,28,8,0,4,1,3
173,WISEA J011459.49+001444.6,01h14m59.4936s,+00d14m44.772s,18.74789,0.24577,G,12765.8355959158,0.042582244,SLS,14,0,56,12,7,8,0,0,0,1
174,WISEA J011508.12+001257.4,01h15m08.1244s,+00d12m57.780s,18.783852,0.21605,G,13607.879461078,0.045391,SLS,6,0,36,8,1,4,0,0,0,0
175,WISEA J011516.34+001407.4,01h15m16.3454s,+00d14m07.422s,18.8181061,0.235395,G,13014.4181058251,0.043411426,SLS,24,0,38,17,8,2,0,2,1,1
176,WISEA J011518.79+001451.7,01h15m18.7932s,+00d14m51.746s,18.828305,0.2477074,G,14030.586826858,0.046801,SLS,7,0,28,6,1,4,0,0,0,0
177,WISEA J011530.89+001846.8,01h15m30.8959s,+00d18m46.847s,18.8787329,0.3130133,G,14559.720515228,0.048566,SUN,28,0,73,17,12,10,0,1,1,1
178,WISEA J011448.72+001347.9,01h14m48.7240s,+00d13m47.988s,18.7030167,0.2299969,G,13838.8791433257,0.046161532,SLS,36,0,65,17,14,10,1,3,2,1
179,WISEA J011516.16+000941.3,01h15m16.1664s,+00d09m41.398s,18.8173601,0.1614996,G,18057.1871694462,0.060232293,SLS,22,0,61,14,8,8,0,0,0,1
180,WISEA J011516.29+001834.5,01h15m16.3344s,+00d18m34.056s,18.81806,0.30946,G,12978.347377071,0.043291107,SLS,26,0,34,11,6,4,0,0,0,1
181,WISEA J011526.61+001219.1,01h15m26.6167s,+00d12m19.145s,18.8609031,0.2053181,G,13024.1130941244,0.043443765,SLS,32,0,74,18,12,10,0,2,1,1
182,WISEA J011532.71+000421.4,01h15m32.7129s,+00d04m21.425s,18.886304,0.0726181,G,14018.474012385,0.046760596,SLS,23,0,59,13,8,8,0,0,0,1
183,2MFGC 00952,01h15m51.3240s,+00d08m48.804s,18.96385,0.14689,G,11797.5332376894,0.039352335,SLS,40,0,48,21,16,6,4,3,1,1
184,WISEA J011624.44-000800.7,01h16m24.4470s,-00d08m00.705s,19.1018625,-0.1335294,G,52950.2223238619,0.17662293,SLS,24,0,54,10,8,8,0,1,0,1
185,WISEA J011522.23-000930.4,01h15m22.2360s,-00d09m30.431s,18.84265,-0.1584532,G,5196.00000000001,0.017331990386496,SLS,28,0,70,18,11,6,0,2,1,1
186,WISEA J011510.88-000659.8,01h15m10.8806s,-00d06m59.872s,18.795336,-0.1166313,G,13083.9555660431,0.043643378,SLS,19,0,72,11,6,10,0,2,1,1
187,WISEA J011500.27+000151.4,01h15m00.2747s,+00d01m51.413s,18.7511447,0.0309483,G,14898.0411007603,0.049694516,SLS,31,0,62,17,13,10,0,1,1,1
188,WISEA J011411.45+000950.5,01h14m11.4517s,+00d09m50.580s,18.5477155,0.1640501,G,13419.9995276494,0.0447643,SLS,13,0,42,11,5,6,0,1,1,1
189,WISEA J011647.51+001840.4,01h16m47.5158s,+00d18m40.416s,19.1979825,0.3112269,G,23137.9939001383,0.07718004,SLS,23,0,57,12,8,6,0,1,1,1
190,WISEA J011355.56+003403.0,01h13m55.6224s,+00d34m03.216s,18.48176,0.56756,G,12545.0111694851,0.041845653,SLS,25,0,42,12,8,4,0,2,0,1
191,HPS 389,12h36m41.6568s,+62d12m38.700s,189.17357,62.21075,G,776481.652937312,2.590064,SLS,39,2,65,9,21,0,0,0,2,0
192,HETDEX J114709.39+504526.6,11h47m09.3931s,+50d45m26.571s,176.789138,50.757381,RadioS,635654.745376728,2.120316,SLS,6,0,5,3,1,0,0,0,0,0
193,GALEXASC J012023.39+000147.8,01h20m23.4956s,+00d01m48.033s,20.0978984,0.0300092,G,3637.98147783,0.012135,SUN,11,0,9,8,3,0,0,2,0,1
194,WISEA J013035.81+005128.9,01h30m35.8130s,+00d51m28.923s,22.6492212,0.8580343,G,8111.64072797662,0.027057521,SLS,8,0,57,13,7,8,0,0,0,3
195,GOODS J123644.07+621410.4,12h36m44.0797s,+62d14m10.096s,189.1836654,62.2361379,G,681721.154265466,2.273977,SLS,36,2,38,8,18,0,0,0,2,0
196,HPS 425,12h36m51.0613s,+62d13m20.676s,189.2127558,62.2224101,G,60192.629509698,0.200781,SLS,39,1,75,13,22,0,0,0,0,0
197,S-CANDELS J123649.44+621346.8,12h36m49.4376s,+62d13m46.812s,189.20599,62.22967,G,26762.4736550166,0.0892700031,UUN,49,0,70,8,20,0,0,0,0,0
198,HPS 419,12h36m50.0800s,+62d14m00.900s,189.208666666667,62.2335833333333,G,670425.8738254,2.2363,UUN,43,1,61,14,25,0,0,0,2,0
199,HPS 415,12h36m49.5054s,+62d14m21.309s,189.2062725,62.2392527,G,1007302.65888,3.36,PSE,11,0,5,6,12,0,0,0,0,0
200,GOODS J123655.14+621311.8,12h36m55.1490s,+62d13m11.330s,189.2297875,62.21981388889,G,96200.4045457521,0.320890009,UUN,16,0,22,3,4,0,0,0,0,0
201,HPS 423,12h36m50.8231s,+62d12m55.941s,189.2117631,62.2155392,G,96464.2228081695,0.321770012,UUN,29,1,35,6,18,0,0,0,0,0
202,HPS 442,12h36m58.0704s,+62d13m00.336s,189.24196,62.21676,G,96053.5035432,0.3204,UUN,33,1,57,8,17,0,0,0,0,0
203,S-CANDELS J123656.35+621241.0,12h36m56.3520s,+62d12m41.040s,189.2348,62.2114,*,0.0,0.0,SLS,19,0,38,9,15,0,0,0,0,0
204,HPS 402,12h36m46.9700s,+62d12m26.500s,189.19570833333,62.20736111111,G,890383.60026,2.97,SUN,28,2,30,3,4,0,0,0,1,0
205,HETDEX J123641.44+621144.8,12h36m41.3730s,+62d11m44.200s,189.1723875,62.19561111111,G,681383.587957758,2.272851,SLS,3,0,4,2,1,0,0,0,0,0
206,WISEA J011255.88+004409.8,01h12m55.8869s,+00d44m09.857s,18.2328621,0.7360714,QSO,554915.839758,1.851,SLS,28,0,37,11,11,4,0,2,0,1
207,WISEA J012239.10+000530.0,01h22m39.1076s,+00d05m30.057s,20.6629487,0.0916826,QSO,272061.595676508,0.9074998,SLS,44,0,45,16,26,8,0,1,0,1
208,HPS 396,12h36m43.9800s,+62d12m50.000s,189.18325,62.2138888888889,G,166984.399106,0.557,SUN,68,2,101,17,27,0,0,0,0,0
209,SDSS J123643.72+621356.8,12h36m43.7640s,+62d13m56.568s,189.18235,62.23238,G,60357.2173678947,0.201330006,UUN,20,0,59,10,18,4,0,0,0,0
210,SBS 1116+518,11h19m38.0194s,+51d33m15.580s,169.9084144,51.5543278,G,32126.958969112,0.107164,SLS,60,1,59,21,25,4,0,1,0,1
211,WISEA J111847.08+514445.5,11h18m47.0850s,+51d44m45.571s,169.6961878,51.745992,G,23987.593734412,0.080014,SLS,2,0,33,4,1,4,0,0,0,0
212,WISEA J111847.68+514514.1,11h18m47.6815s,+51d45m14.131s,169.6986733,51.7539254,G,72375.9701584745,0.24142025,SLS,2,0,18,5,2,0,0,0,0,0
213,WISEA J161646.51+533248.2,16h16m46.5113s,+53d32m48.256s,244.1937974,53.5467379,*,0.0,0.0,SLS,2,0,23,4,1,4,0,0,0,0
214,WISEA J110148.20+502257.7,11h01m48.2032s,+50d22m58.702s,165.450847,50.382973,G,41763.787531522,0.139309,SLS,14,0,63,6,3,10,0,0,1,1
215,WISEA J105944.80+521349.5,10h59m44.8095s,+52d13m49.540s,164.9367063,52.2304278,G,64026.67525506,0.21357,SLS,3,0,33,4,1,4,0,0,0,0
216,WISEA J105945.77+521355.2,10h59m45.7743s,+52d13m55.296s,164.9407264,52.2320267,G,72517.996835452,0.241894,SLS,3,0,33,4,1,4,0,0,0,0
217,WISEA J123652.89+621444.1,12h36m52.8839s,+62d14m44.076s,189.22034958333,62.24557666667,G,96318.220283614,0.321283,SLS,67,3,146,32,41,4,0,0,0,0
218,WISEA J123621.56+621226.9,12h36m21.5700s,+62d12m26.600s,189.089875,62.2073888888889,G,119458.304936354,0.398470014,UUN,25,0,84,11,19,4,0,0,0,0
219,ACS-GC 50015706,12h36m29.9928s,+62d12m24.084s,189.12497,62.20669,G,123088.790103772,0.410580009,UUN,17,0,49,12,28,0,0,0,0,0
220,SDSS J123631.16+621236.5,12h36m31.2100s,+62d12m36.500s,189.130041666667,62.2101388888889,G,136987.164259558,0.456939995,UUN,32,0,93,12,25,4,0,0,0,0
221,GALEXASC J123633.13+621133.4,12h36m33.1498s,+62d11m34.090s,189.13812416667,62.19280277778,G,23632.6383549079,0.0788299963,UUN,22,0,49,8,18,0,0,0,0,0
222,SDSS J123633.73+621156.6,12h36m33.7512s,+62d11m56.364s,189.14063,62.19899,G,137481.823614012,0.458590001,UUN,18,0,65,7,14,4,0,0,0,0
223,HSG J123651.12+621031.1,12h36m51.1223s,+62d10m30.955s,189.21300958333,62.17526527778,G,122887.924360233,0.409909993,UUN,67,2,126,24,32,0,0,0,0,0
224,SDSS J123652.45+621035.8,12h36m52.4784s,+62d10m35.544s,189.21866,62.17654,G,96041.5133438423,0.320360005,UUN,16,0,54,7,15,4,0,0,0,0
225,SDSS J123653.57+621524.9,12h36m53.5738s,+62d15m24.939s,189.2232245,62.2569277,*,-313.73580522158,-0.00104651,SLS,15,0,50,10,17,4,0,0,0,0
226,SDSS J123658.36+621548.5,12h36m58.4100s,+62d15m48.600s,189.243375,62.2635,G,136861.250228028,0.456519991,UUN,25,0,71,11,18,4,0,0,0,0
227,SDSS J123704.01+621523.0,12h37m04.0368s,+62d15m23.364s,189.26682,62.25649,G,112700.982033657,0.375930011,UUN,21,0,61,7,14,3,0,0,0,0
228,WISEA J123709.88+621524.2,12h37m09.8685s,+62d15m23.976s,189.2911189,62.2566601,G,60279.869114976,0.201072,SLS,19,0,71,11,16,4,0,0,0,0
229,SDSS J123717.24+621356.4,12h37m17.2896s,+62d13m56.532s,189.32204,62.23237,G,100835.191449545,0.336349994,UUN,23,0,75,9,17,4,0,0,0,0
230,SDSS J123708.31+621055.9,12h37m08.3663s,+62d10m56.049s,189.28485958333,62.18223583333,G,126736.362242126,0.422747,SLS,62,2,140,25,30,4,0,0,0,0
231,WISEA J144103.63+534042.3,14h41m03.6318s,+53d40m42.348s,220.2651325,53.6784301,VisS,731493.59752,2.44,SLS,13,0,28,8,5,4,0,0,0,0
232,WISEA J011000.11+000753.6,01h10m00.1437s,+00d07m53.778s,17.500599,0.131605,UvES,-52.5374410863663,-0.00017524604,SLS,2,0,25,6,2,4,0,0,0,1
233,WISEA J011932.86+000837.2,01h19m32.8639s,+00d08m37.285s,19.8869331,0.1436904,QSO,54192.2984524509,0.18076605,SLS,25,0,61,16,12,8,0,1,0,2
234,WISEA J012659.96+000500.8,01h26m59.9670s,+00d05m00.808s,21.7498625,0.0835579,UvES,0.0,0.0,SLS,2,0,22,4,1,4,0,0,0,0
235,SDSS J005435.87+002322.7,00h54m35.8725s,+00d23m22.737s,13.649469,0.38964936,G,25873.6708304084,0.086305276,SLS,3,0,15,3,2,4,0,0,0,1
236,SDSS J011131.87-005644.5,01h11m31.8767s,-00d56m44.510s,17.8828199346,-0.9456974019,G,127251.105892512,0.424464,SLS,2,0,19,3,1,4,0,0,0,0
237,HETDEX J011146.31-010416.3,01h11m46.3000s,-01d04m17.300s,17.94291666667,-1.07147222222,G,87316.651939706,0.291257,SLS,2,0,0,2,1,0,0,0,0,0
238,WISEA J011206.15-010031.3,01h12m06.1597s,-01d00m31.308s,18.0256658,-1.0086969,G,89316.267634566,0.297927,SLS,2,0,27,3,1,4,0,0,0,0
239,HETDEX J015740.76+003828.1,01h57m40.6400s,+00d38m29.500s,29.41933333333,0.64152777778,G,78313.584633508,0.261226,SLS,2,0,0,2,1,0,0,0,0,0
240,SDSS J123639.84+621002.0,12h36m39.8688s,+62d10m01.632s,189.16612,62.16712,G,41012.807424232,0.136804,SLS,11,0,47,5,9,4,0,0,0,0
241,HPS 414,12h36m49.0656s,+62d15m12.168s,189.20444,62.25338,G,137004.853513542,0.456999,SLS,18,0,32,8,18,0,0,0,0,0
242,SDSS J123630.87+621433.4,12h36m30.8736s,+62d14m33.432s,189.12864,62.24262,G,131381.04439558,0.438239992,UUN,22,0,74,11,22,4,0,0,0,0
243,SDSS J123651.63+620954.5,12h36m51.6528s,+62d09m54.432s,189.21522,62.16512,G,40822.73900586,0.13617,UUN,16,0,49,8,14,4,0,0,0,0
244,2MASS J10002295+0213126,10h00m22.9480s,+02d13m12.532s,150.095617,2.220148,G,55767.39303716,0.18602,SLS,49,0,94,33,30,8,0,0,0,3
245,WISEA J100026.93+020018.6,10h00m26.9476s,+02d00m18.895s,150.112282,2.0052488,G,49575.479609628,0.165366,SLS,11,0,47,14,10,4,0,0,0,0
246,WISEA J100018.20+021212.0,10h00m18.2032s,+02d12m12.088s,150.075847,2.203358,G,55602.1954011037,0.18546896,SLS,34,0,82,22,14,8,1,0,0,1
247,WISEA J100047.40+021533.4,10h00m47.3873s,+02d15m33.633s,150.1974474,2.2593426,G,64259.613994926,0.214347,SLS,21,0,64,19,15,4,0,0,0,1
248,WISEA J100031.90+015558.3,10h00m31.8520s,+01d55m58.084s,150.132717,1.9328013,G,37234.2232836,0.1242,SLS,12,0,44,13,10,4,0,0,0,1
249,WISEA J100016.05+021237.3,10h00m16.0536s,+02d12m37.310s,150.06689,2.210364,G,55868.722887964,0.186358,SLS,59,0,116,40,35,4,0,0,0,2
250,WISEA J100041.13+021416.6,10h00m41.1360s,+02d14m16.665s,150.1714,2.2379627,G,101571.18373269,0.338805,SLS,18,0,61,18,13,4,0,0,0,1
251,WISEA J100021.99+015551.5,10h00m21.9944s,+01d55m51.570s,150.0916434,1.9309919,G,50597.771891408,0.168776,SLS,11,0,43,13,10,4,0,0,0,0
252,WISEA J003132.95-000028.0,00h31m32.9558s,-00d00m28.086s,7.8873161,-0.0078017,G,65770.2352136176,0.21938589,SLS,20,0,67,14,13,10,0,0,1,1
253,WISEA J003747.71-000509.9,00h37m47.7125s,-00d05m09.900s,9.4488022,-0.0860834,QSO,267177.766680968,0.8912091,SLS,25,0,29,14,15,4,0,0,0,0
254,WISEA J114935.78+504622.7,11h49m35.7872s,+50d46m22.791s,177.3991134,50.7729976,VisS,79405.428765544,0.264868,SUN,14,0,25,10,9,4,0,0,0,0
255,2MASS J12382896+5601226,12h38m28.9596s,+56d01m22.339s,189.6206650014,56.0228720639,VisS,0.0,0.0,SLS,3,0,15,5,1,4,0,0,0,0
256,ZTF20aabqori,11h00m51.0480s,+51d35m01.680s,165.2127,51.5838,QSO,64155.586012,0.214,SLS,43,0,79,21,21,10,0,1,1,1
257,ZTF18aamtszb,12h46m38.7195s,+51d34m55.872s,191.6613316,51.5821868,G,20078.8472033278,0.066975825,SLS,26,0,63,18,11,8,0,1,1,0
258,2MASX J14082777+5439207,14h08m27.8188s,+54d39m21.427s,212.115912,54.655952,G,22815.5041551431,0.07610433,SLS,17,0,54,8,4,10,0,0,1,1
259,SBS 1116+523,11h19m47.9447s,+52d05m52.928s,169.9497696,52.0980357,QSO,106818.451125064,0.356308,SLS,42,0,53,15,17,8,0,1,0,0
260,WISEA J123910.87+561058.1,12h39m10.8755s,+56d10m58.106s,189.7953147,56.1828074,QSO,115660.829673774,0.385803,SUN,15,0,17,8,8,4,0,0,0,0
261,WISEA J132138.31+511742.9,13h21m38.3160s,+51d17m42.942s,200.4096502,51.2952619,QSO,102724.982974096,0.34265366,SLS,32,0,77,17,14,12,0,0,0,1
262,WISEA J130906.76+555802.0,13h09m06.7651s,+55d58m02.046s,197.2781883,55.967235,VisS,49761.350933588,0.165986,SLS,5,0,37,6,1,4,0,0,0,0
263,ZTF20acwqkje,13h12m50.1421s,+55d48m29.389s,198.2089255,55.8081636,G,31866.3014185793,0.10629454,SLS,23,0,61,15,7,8,0,0,0,1
264,WISEA J011620.36+000016.0,01h16m20.3544s,+00d00m15.804s,19.08481,0.00439,G,13115.9260333492,0.04375002,SLS,20,0,63,13,8,8,0,0,0,1
265,WISEA J011412.90+000947.6,01h14m12.9089s,+00d09m47.662s,18.5537871,0.1632397,G,13502.6022429795,0.045039833,SLS,17,0,55,11,6,8,0,1,0,1
266,WISEA J124115.46+514149.2,12h41m15.5220s,+51d41m49.569s,190.3146752694,51.6971025583,VisS,51816.12844072,0.17284,SLS,3,0,31,5,1,4,0,0,0,0
267,SBS 1417+530,14h19m10.2612s,+52d51m51.090s,214.792755,52.8641918,G,24533.3329270306,0.08183439,SLS,38,0,137,20,12,10,0,0,1,1
268,WISEA J144207.29+513952.4,14h42m07.2967s,+51d39m52.411s,220.5304032,51.6645588,G,38934.4362506554,0.1298713,SLS,19,0,62,8,8,10,0,0,1,1
269,WISEA J144127.89+513932.6,14h41m27.8992s,+51d39m32.644s,220.3662468,51.6590678,G,39132.1283912343,0.13053073,SLS,16,0,57,7,4,8,0,0,0,1
270,2MASS J01031363-0034414,01h03m13.6373s,-00d34m40.115s,15.8068223878,-0.57780993722,G,63332.056129874,0.211253,SLS,2,0,22,5,1,4,0,0,0,0
271,SDSS J010226.89-004831.1,01h02m26.8491s,-00d48m30.569s,15.61187158339,-0.80849147394,G,127057.439964644,0.423818,SLS,2,0,15,3,1,4,0,0,0,0
272,WISEA J010229.99-004702.7,01h02m29.9933s,-00d47m02.720s,15.6249724,-0.7840889,G,111510.502885222,0.371959,SLS,2,0,31,4,1,4,0,0,0,0
273,WISEA J010235.66-004934.5,01h02m35.6131s,-00d49m32.767s,15.64838821334,-0.82576881639,G,77302.684465132,0.257854,SLS,2,0,31,5,1,4,0,0,0,0
274,SDSS J010242.45-004458.7,01h02m42.4463s,-00d44m56.880s,15.67685957806,-0.74913347687,G,5540.464416298,0.018481,SLS,14,0,21,5,5,4,0,0,0,0
275,SDSS J010247.77-004146.1,01h02m47.7423s,-00d41m45.573s,15.69892644788,-0.69599254255,G,52439.996545818,0.174921,SLS,2,0,19,4,1,4,0,0,0,0
276,WISEA J004252.73+004304.9,00h42m52.7335s,+00d43m04.926s,10.7197233,0.718035,G,80925.7482702519,0.26993924,SLS,6,0,14,7,5,0,0,0,0,1
277,WISEA J004722.27-002344.6,00h47m22.2708s,-00d23m44.672s,11.8427951,-0.3957423,G,46303.8744947198,0.1544531,SLS,5,0,43,8,2,4,0,0,0,1
278,WISEA J004831.58+001153.5,00h48m31.5862s,+00d11m53.535s,12.1316093,0.1982042,G,39818.7490536409,0.13282105,SLS,23,0,53,13,10,6,1,0,1,1
279,WISEA J005434.88+004819.0,00h54m34.8892s,+00d48m19.045s,13.6453719,0.8052905,G,85337.2632419873,0.28465447,SLS,10,0,37,12,7,4,0,0,0,1
280,WISEA J005722.31+001645.0,00h57m22.3101s,+00d16m44.680s,14.342959,0.27907803,QSO,941048.525662,3.139,SLS,39,0,22,17,21,4,0,1,0,1
281,WISEA J010156.01+004129.1,01h01m56.0198s,+00d41m29.183s,15.4834162,0.6914398,QSO,194565.305242,0.649,SLS,30,0,35,13,14,4,0,0,0,1
282,WISEA J011040.11-002434.6,01h10m40.1166s,-00d24m34.662s,17.6671525,-0.4096284,QSO,198162.814738,0.661,SLS,28,0,28,14,16,4,0,0,0,1
283,WISEA J011604.65-004430.6,01h16m04.6518s,-00d44m30.642s,19.0193825,-0.741845,G,125971.052055344,0.4201942,SLS,3,0,30,5,2,4,0,0,0,0
284,SDSS J123538.47+621643.6,12h35m38.4734s,+62d16m43.582s,188.91030583333,62.27877277778,G,213838.662574362,0.713289,SLS,33,0,62,18,17,9,0,1,0,0
285,WISEA J012747.75+010118.5,01h27m47.7508s,+01d01m18.515s,21.9489619,1.0218099,G,27046.2202913078,0.09021648,SLS,21,0,65,12,9,10,1,0,1,1
286,HETDEX J012839.24+001939.0,01h28m39.2683s,+00d19m38.737s,22.16361791667,0.32742694444,RadioS,650825.44292136,2.17092,SLS,4,0,2,4,1,0,0,0,0,0
287,2MASX J01320166+0022126,01h32m01.6857s,+00d22m12.201s,23.007024,0.370056,G,41155.3437483881,0.13727945,SLS,20,0,39,10,9,6,0,1,1,1
288,WISEA J013355.71-002227.9,01h33m55.7179s,-00d22m27.964s,23.4821581,-0.3744347,*,497955.272738,1.661,SLS,3,0,18,4,2,3,0,0,0,0
289,ZTF20abwfqoj,01h41m23.0379s,-00d24m22.141s,25.3459916,-0.4061505,QSO,781858.730464,2.608,SLS,60,0,49,30,36,7,0,2,0,2
290,WISEA J014406.85+001345.1,01h44m06.8537s,+00d13m45.148s,26.0285571,0.2292078,G,62764.3571397069,0.20935936,SLS,14,0,68,10,7,10,0,0,1,1
291,WISEA J014802.76-002408.1,01h48m02.7750s,-00d24m07.850s,27.0115625,-0.40218055556,RadioS,759947.199501238,2.534911,SLS,2,0,13,3,1,0,0,0,0,0
292,FBQS J0158-0030,01h58m42.7568s,-00d30m41.265s,29.6781535,-0.5114625,G,79670.145505958,0.265751,SLS,9,0,40,6,2,4,0,1,0,0
293,WISEA J123654.68+621127.2,12h36m54.6300s,+62d11m27.300s,189.227625,62.1909166666667,G,76201.2511715344,0.254180014,UUN,25,0,96,13,23,4,0,0,0,0
294,HPS 461,12h37m04.3400s,+62d14m46.100s,189.268083333333,62.2461388888889,G,664340.086928,2.216,SLS,50,0,94,20,29,0,0,0,1,0
295,WISEA J123630.86+621059.1,12h36m30.7800s,+62d10m58.836s,189.12825,62.18301,G,88528.7128474,0.2953,SLS,18,0,78,10,14,4,0,0,0,0
296,SBS 1212+493,12h14m35.2783s,+49d06m48.076s,183.646993,49.1133546,G,3547.2999553417,0.011832519,SLS,22,1,57,8,5,8,0,0,0,1
297,WISEA J160913.19+535429.8,16h09m13.1932s,+53d54m29.808s,242.3049717,53.9082801,QSO,297525.127640146,0.992437,SLS,79,0,150,34,30,12,0,2,0,1
298,WISEA J161139.68+535136.1,16h11m39.6852s,+53d51m36.102s,242.9153551,53.8600285,G,69522.0328981273,0.23190054,SLS,10,0,40,10,4,0,0,0,0,0
299,WISEA J015331.00-000325.3,01h53m31.0075s,-00d03m25.371s,28.379198,-0.0570476,QSO,571704.217406,1.907,SLS,35,0,32,17,18,4,0,1,0,1
300,WISEA J020931.89-000138.7,02h09m31.8937s,-00d01m38.745s,32.3828905,-0.0274294,G,12657.8239708078,0.042221956,SLS,23,0,57,16,11,8,0,0,0,2
301,SDSS J020937.58-001011.1,02h09m37.5846s,-00d10m11.172s,32.4066028037,-0.1697699866,G,45958.1838114,0.1533,SLS,2,0,15,2,1,4,0,0,0,0
302,WISEA J020947.11-000642.4,02h09m47.1154s,-00d06m42.461s,32.4463145,-0.1117949,G,45612.9248292197,0.15214834,SLS,19,0,67,10,9,10,0,0,1,1
303,WISEA J020958.83-000219.6,02h09m58.8388s,-00d02m19.600s,32.495162,-0.0387778,G,94719.726897558,0.315951,SLS,2,0,36,6,1,4,0,0,0,0
304,WISEA J141818.35+523304.1,14h18m18.3903s,+52d33m04.437s,214.5766263,52.5512325,*,-100.896350909732,-0.000336554,SLS,4,0,34,7,2,4,0,0,0,0
305,WISEA J015048.81+004126.1,01h50m48.8177s,+00d41m26.104s,27.7034073,0.6905846,QSO,785.156447502,0.002619,SLS,69,0,64,26,35,8,0,4,0,2
306,SBS 1251+513,12h53m39.6681s,+51d02m03.756s,193.4152839,51.0343769,QSO,468875.404312,1.564,SLS,37,0,52,11,15,4,0,1,0,1
307,SBS 1453+506,14h54m48.0874s,+50d29m07.015s,223.7003644,50.485282,QSO,703230.333770346,2.3457239,SLS,39,0,46,13,16,8,0,2,0,1
308,WISEA J020216.05+000426.0,02h02m16.0518s,+00d04m26.021s,30.5668826,0.0738949,G,48815.4008012377,0.16283065,SLS,12,0,54,10,9,8,0,0,0,1
309,WISEA J021740.98+003914.2,02h17m40.9899s,+00d39m14.281s,34.4207915,0.6539671,G,86271.0717797886,0.28776932,SLS,10,0,42,11,10,4,0,0,0,2
310,WISEA J021758.17-001302.6,02h17m58.1732s,-00d13m02.623s,34.4923885,-0.2173954,QSO,103170.43259574,0.34413952,SLS,27,0,57,21,20,8,0,1,0,1
311,WISEA J021758.32-004405.1,02h17m58.3292s,-00d44m05.187s,34.4930386,-0.7347744,G,75039.7730461089,0.25030574,SLS,11,0,54,9,8,8,0,0,0,1
312,2MASX J12324850+5016183,12h32m48.4948s,+50d16m18.235s,188.202062,50.271732,G,8818.15741665081,0.029414207,SLS,13,0,36,12,7,6,0,0,1,0
313,WISEA J105024.95+503750.6,10h50m24.9592s,+50d37m50.621s,162.6039967,50.6307283,*,0.0,0.0,SLS,6,0,29,7,1,4,0,0,0,0
314,WISEA J133323.78+513136.3,13h33m23.7866s,+51d31m36.342s,203.3491112,51.5267619,G,60895.8976472973,0.20312685,SLS,21,0,54,13,7,8,0,0,0,1
315,EF Boo,14h32m30.5035s,+50d49m40.274s,218.1270979,50.827854,V*,0.0,0.0,SLS,6,0,33,5,1,4,0,0,0,0
316,SBS 1159+516A,12h02m04.9584s,+51d23m39.703s,180.52066,51.394362,G,8662.62718798761,0.028895414,SLS,17,1,35,5,7,8,0,0,0,1
317,WISEA J115805.88+501022.3,11h58m05.8858s,+50d10m22.314s,179.5245242,50.1728652,G,6850.54516626722,0.022850959,SLS,11,0,36,11,9,4,0,0,0,1
318,2MASS J11481928+4850157,11h48m19.2288s,+48d50m15.450s,177.08012,48.837625,G,9924.93451081224,0.033106018,SLS,13,0,28,7,5,4,0,0,0,1
319,WISEA J115858.83+501100.1,11h58m58.8312s,+50d11m00.134s,179.74513,50.1833707,G,36212.0149437082,0.12079028,SLS,16,0,62,8,6,10,0,0,1,1
320,WISEA J123623.00+621526.8,12h36m22.9500s,+62d15m26.700s,189.095625,62.2574166666667,QSO,773410.57899756,2.57982,SLS,94,1,173,29,38,12,0,1,1,0
321,SDSS J123749.06+621011.0,12h37m49.0728s,+62d10m11.496s,189.45447,62.16986,VisS,131915.276954076,0.440022,SLS,5,0,45,7,1,4,0,0,0,0
322,SDSS J123800.91+621336.0,12h38m00.9500s,+62d13m36.000s,189.503958333333,62.2266666666667,QSO,132098.450145914,0.440633,SLS,80,0,116,30,35,13,0,1,0,1
323,SDSS J123610.39+621631.0,12h36m10.3903s,+62d16m31.028s,189.0432932112,62.2752855568,VisS,9888.354434672,0.032984,SLS,3,0,15,2,1,4,0,0,0,0
324,SDSS J123648.43+620753.4,12h36m48.4560s,+62d07m53.184s,189.2019,62.13144,G,61721.2715528325,0.205880001,UUN,10,0,53,5,2,4,0,0,0,0
325,WISEA J132909.51+512442.3,13h29m09.5186s,+51d24m42.353s,202.2896612,51.4117649,*,0.0,0.0,SLS,1,0,27,5,1,4,0,0,0,0
326,2MASX J13351793+5117449,13h35m17.9697s,+51d17m45.535s,203.824874,51.295982,G,9228.4099047632,0.030782662,SLS,12,0,58,10,8,10,0,0,1,1
327,WISEA J130315.44+513057.4,13h03m15.4468s,+51d30m57.409s,195.814362,51.5159471,G,7719.39557364646,0.025749132,SLS,9,0,45,13,8,6,0,0,1,0
328,WISEA J131037.57+514241.7,13h10m37.5799s,+51d42m41.772s,197.656583,51.7116034,G,16576.424380194,0.055293,SLS,17,0,64,10,7,10,0,0,1,1
329,WISEA J133554.86+541547.8,13h35m54.8635s,+54d15m47.867s,203.9785983,54.2632964,G,15420.61053347,0.05143762,SLS,16,0,66,10,7,10,0,0,1,1
330,WISEA J115515.57+552108.5,11h55m15.5731s,+55d21m08.502s,178.814888,55.3523618,G,15408.2530883512,0.0513964,SLS,28,0,62,11,10,10,0,1,1,1
331,WISEA J130457.84+534650.9,13h04m57.8420s,+53d46m50.943s,196.2410084,53.7808176,G,8619.59677732104,0.02875188,SLS,38,0,69,18,14,10,0,1,1,1
332,WISEA J132223.55+521632.8,13h22m23.5566s,+52d16m32.849s,200.5981527,52.2757914,*,0.0,0.0,SLS,1,0,23,4,1,4,0,0,0,0
333,WISEA J124719.92+504839.6,12h47m19.9286s,+50d48m39.669s,191.833036,50.8110194,G,20268.8271829247,0.06760953,SLS,18,0,66,10,8,10,0,0,1,1
334,WISEA J125638.25+515847.6,12h56m38.2578s,+51d58m47.697s,194.1594078,51.979916,G,9968.98841293043,0.033252966,SLS,15,0,66,10,8,10,0,0,1,1
335,ZTF18aamsecj,13h15m43.6888s,+55d47m04.533s,198.9320367,55.7845925,G,24235.522097178,0.080841,SUN,31,0,82,20,14,15,0,2,1,1
336,WISEA J123142.97+504019.1,12h31m42.9766s,+50d40m19.136s,187.9290692,50.6719824,G,9106.99455885811,0.030377664,SLS,23,0,68,8,6,10,1,1,1,1
337,WISEA J125459.12+504436.3,12h54m59.1211s,+50d44m36.352s,193.746338,50.7434312,*,0.0,0.0,SLS,1,0,27,5,1,4,0,0,0,0
338,SDSS J115147.57+502410.8,11h51m47.5776s,+50d24m10.864s,177.94824,50.403018,G,9904.48027098782,0.03303779,SLS,15,0,24,8,7,4,0,0,0,1
339,WISEA J123124.07+504332.6,12h31m24.0707s,+50d43m32.637s,187.8502949,50.7257327,G,62032.156031986,0.206917,SLS,4,0,46,5,1,6,0,0,1,0
340,2MASX J13375677+5152249,13h37m56.7751s,+51d52m25.057s,204.486563,51.873627,G,19260.2354164753,0.06424523,SLS,18,0,54,8,7,10,0,0,1,1
341,WISEA J123053.00+505250.7,12h30m53.0005s,+50d52m50.736s,187.7208357,50.88076,G,13206.9520173717,0.04405365,SLS,23,0,66,10,8,10,1,0,1,1
342,2MASX J12351900+5040014,12h35m18.9936s,+50d40m01.952s,188.82914,50.667209,G,12595.144562859,0.04201288,SLS,21,0,53,15,12,10,0,0,1,1
343,WISEA J121929.16+514633.5,12h19m29.1616s,+51d46m33.538s,184.8715069,51.7759829,G,17141.7010473005,0.05717856,SLS,26,0,66,15,12,10,0,0,1,1
344,WISEA J115057.53+503710.3,11h50m57.5349s,+50d37m10.367s,177.739729,50.6195466,G,7203.34542772849,0.024027774,SLS,23,0,66,17,14,10,0,0,1,1
345,WISEA J130802.13+554457.0,13h08m02.1359s,+55d44m57.084s,197.0088997,55.7491902,*,0.0,0.0,SLS,1,0,26,5,1,4,0,0,0,0
346,WISEA J133633.92+513503.8,13h36m33.9287s,+51d35m03.883s,204.1413697,51.584412,G,20364.6168691049,0.06792905,SLS,18,0,70,11,8,10,0,0,1,1
347,WISEA J122727.28+503336.2,12h27m27.2840s,+50d33m36.234s,186.8636835,50.5600651,*,0.0,0.0,SLS,1,0,27,5,1,4,0,0,0,0
348,WISEA J130507.74+513513.6,13h05m07.7479s,+51d35m13.630s,196.282283,51.5871195,*,0.0,0.0,SLS,1,0,26,5,1,4,0,0,0,0
349,WISEA J125938.28+504146.1,12h59m38.2851s,+50d41m46.167s,194.9095213,50.6961577,G,16347.1131290698,0.0545281,SLS,14,0,60,7,5,10,0,0,1,1
350,WISEA J130431.08+512503.6,13h04m31.0889s,+51d25m03.657s,196.1295371,51.4176826,G,28546.7624875615,0.09522175,SLS,17,0,57,9,5,8,0,0,1,1
351,WISEA J121243.92+513303.2,12h12m43.9201s,+51d33m03.267s,183.1830008,51.5509077,G,26105.627450182,0.087079,SLS,6,0,27,5,2,2,0,0,1,0
352,WISEA J130532.10+534303.2,13h05m32.1045s,+53d43m03.216s,196.383769,53.7175602,G,9012.15851248685,0.030061325,SLS,15,0,48,9,8,8,0,0,0,1
353,LCSB S1827P,13h04m22.3332s,+51d45m38.055s,196.093055,51.760571,G,31381.3331551219,0.10467686,SLS,18,0,54,8,7,10,0,0,1,1
354,WISEA J115423.35+550945.0,11h54m23.3597s,+55d09m45.055s,178.5973322,55.1625155,G,14980.2094168188,0.0499686,SLS,18,0,66,16,13,10,0,0,1,1
355,WISEA J132107.67+510142.2,13h21m07.6741s,+51d01m42.209s,200.2819754,51.0283915,G,8833.72563899475,0.029466137,SLS,12,0,56,10,7,8,0,0,0,1
356,WISEA J132943.41+512531.2,13h29m43.4168s,+51d25m31.296s,202.4309037,51.4253601,*,0.0,0.0,SLS,1,0,27,5,1,4,0,0,0,0
357,2MASS J11541814+5151177,11h54m18.1447s,+51d51m17.737s,178.575603,51.854927,*,0.0,0.0,SLS,1,0,11,3,1,4,0,0,0,0
358,WISEA J115228.42+501550.9,11h52m28.4274s,+50d15m50.970s,178.1184478,50.2641584,G,23247.9158027886,0.0775467,SLS,17,0,67,9,6,10,0,0,1,1
359,WISEA J125446.32+520201.6,12h54m46.3209s,+52d02m01.637s,193.6930041,52.0337883,*,0.0,0.0,SLS,1,0,27,5,1,4,0,0,0,0
360,WISEA J130442.73+512328.1,13h04m42.7393s,+51d23m28.185s,196.1780807,51.3911627,G,30144.2006041653,0.10055023,SLS,20,0,66,8,6,10,0,0,1,1
361,2MASX J12484384+5502207,12h48m43.8720s,+55d02m20.925s,192.1828,55.039146,G,26205.3624051094,0.08741168,SLS,14,0,59,5,4,12,0,0,2,1
362,HETDEX J130535.53+503233.0,13h05m35.5296s,+50d32m32.967s,196.39804,50.542491,G,0.0,0.0,SLS,1,0,0,2,1,0,0,0,0,0
363,WISEA J132537.58+505158.2,13h25m37.5847s,+50d51m58.206s,201.406603,50.8661685,G,23523.550984523,0.07846612,SLS,15,0,55,9,6,8,0,0,0,1
364,WISEA J125826.92+511520.4,12h58m26.9233s,+51d15m20.472s,194.6121807,51.2556869,G,16129.6364850176,0.053802676,SLS,16,0,66,8,5,10,0,0,1,1
365,WISEA J123735.50+503514.3,12h37m35.5056s,+50d35m14.304s,189.3979402,50.5873069,G,36044.6588019543,0.12023204,SLS,18,0,56,14,10,8,0,0,0,1
366,WISEA J131652.37+514632.7,13h16m52.3757s,+51d46m32.710s,199.2182323,51.775753,G,25804.935614808,0.086076,SLS,3,0,44,5,1,6,0,0,1,0
367,WISEA J125844.68+502822.8,12h58m44.6843s,+50d28m22.822s,194.6861848,50.4730061,G,36730.57195416,0.12252,SLS,7,0,46,6,3,6,0,0,1,0
368,WISEA J121101.25+510200.3,12h11m01.2546s,+51d02m00.302s,182.7552278,51.0334173,*,0.0,0.0,SLS,1,0,30,8,3,4,0,0,0,0
369,WISEA J125454.96+504334.7,12h54m54.9621s,+50d43m34.772s,193.7290091,50.7263256,G,35968.0648268599,0.11997655,SLS,5,0,31,8,5,2,0,0,1,0
370,WISEA J120031.67+521949.9,12h00m31.6713s,+52d19m49.962s,180.1319639,52.330545,G,27924.1984796558,0.0931451,SLS,18,0,47,9,8,6,0,0,1,1
371,WISEA J120413.88+502704.8,12h04m13.8889s,+50d27m04.865s,181.0578704,50.4513516,G,0.0,0.0,SLS,3,0,20,6,2,0,0,0,0,0
372,WISEA J120810.02+520641.6,12h08m10.0288s,+52d06m41.672s,182.041787,52.1115757,G,18029.4764531759,0.06013986,SLS,15,0,65,8,5,10,0,0,1,1
373,ZTF18aalqdkb,12h55m44.7368s,+55d18m43.461s,193.9364034,55.3120725,G,19242.57164485,0.06418631,SLS,19,0,48,11,9,6,0,0,1,1
374,WISEA J115408.26+552049.1,11h54m08.2623s,+55d20m49.182s,178.5344265,55.346995,G,24208.5707552038,0.0807511,SLS,14,0,47,11,9,6,0,0,1,1
375,WISEA J121223.51+511328.6,12h12m23.5149s,+51d13m28.686s,183.097979,51.2246352,*,0.0,0.0,SLS,1,0,23,4,1,4,0,0,0,0
376,WISEA J122242.19+511449.1,12h22m42.1999s,+51d14m49.114s,185.6758332,51.2469761,G,9234.72773102309,0.030803736,SLS,18,0,57,16,13,8,0,0,0,1
377,WISEA J123037.64+513440.8,12h30m37.6492s,+51d34m40.831s,187.6568719,51.5780088,G,13220.733476666,0.04409962,SLS,16,0,51,8,6,8,0,0,0,1
378,WISEA J123304.68+511318.2,12h33m04.6816s,+51d13m18.277s,188.2695067,51.2217438,G,18761.7839872194,0.062582575,SLS,14,0,67,10,6,10,0,0,1,1
379,WISEA J124041.00+505619.5,12h40m41.0003s,+50d56m19.579s,190.1708346,50.938772,G,35369.51419484,0.11798,SLS,6,0,32,7,2,2,0,0,1,0
380,WISEA J122451.34+504938.9,12h24m51.3413s,+50d49m38.910s,186.2139224,50.827475,G,27671.8541739835,0.09230337,SLS,22,0,67,8,6,10,1,0,1,1
381,WISEA J124251.85+553007.6,12h42m51.8594s,+55d30m07.663s,190.716081,55.5021288,G,9636.63909357654,0.032144368,SLS,15,0,62,9,8,10,0,0,1,1
382,WISEA J133631.60+513501.9,13h36m31.6079s,+51d35m01.905s,204.1316997,51.5838625,G,19897.8115317154,0.066371955,SLS,16,0,70,10,7,10,0,0,1,1
383,WISEA J124735.60+511556.9,12h47m35.6086s,+51d15m56.936s,191.8983692,51.2658156,G,13159.0880529048,0.043893993,SLS,11,0,60,9,5,8,0,0,0,1
384,WISEA J130428.68+534358.9,13h04m28.6887s,+53d43m58.956s,196.1195365,53.7330435,G,8649.88031246591,0.028852895,SLS,14,0,39,7,4,4,0,0,0,1
385,SDSS J134121.37+550827.8,13h41m21.3864s,+55d08m27.895s,205.33911,55.141082,G,2008.94292775103,0.0067011123,SLS,17,0,21,10,9,4,0,0,0,1
386,WISEA J125116.43+511949.1,12h51m16.4314s,+51d19m49.186s,192.8184645,51.3303296,G,36506.2972163302,0.1217719,SUN,18,0,66,9,7,10,1,0,1,1
387,WISEA J115630.96+505317.6,11h56m30.9662s,+50d53m17.624s,179.1290262,50.8882291,G,19328.9418519998,0.06447441,SLS,16,0,66,7,4,10,0,0,1,1
388,2MASX J12350112+5100184,12h35m01.2792s,+51d00m17.092s,188.75533,51.004748,G,12388.6103435238,0.041323956,SLS,14,0,54,7,3,10,0,0,1,1
389,WISEA J115410.07+513417.9,11h54m10.0732s,+51d34m17.957s,178.541972,51.5716549,G,9455.82676734529,0.031541243,SLS,13,0,51,10,7,6,0,0,1,1
390,WISEA J131000.14+511747.4,13h10m00.1426s,+51d17m47.495s,197.5005942,51.2965266,G,13047.3305210342,0.04352121,SLS,12,0,54,7,4,8,0,0,0,1
391,WISEA J124426.22+511722.6,12h44m26.2255s,+51d17m22.673s,191.1092733,51.2896315,G,31368.0313637604,0.10463249,SLS,25,0,71,13,9,10,0,0,1,1
392,WISEA J123811.48+515636.4,12h38m11.4864s,+51d56m36.433s,189.5478602,51.9434537,G,32623.1559590838,0.108819135,SLS,12,0,51,9,7,8,0,0,0,1
393,WISEA J123316.05+504957.9,12h33m16.0532s,+50d49m57.906s,188.3168884,50.8327518,G,11700.3459190701,0.039028153,SLS,15,0,62,7,5,10,0,0,1,1
394,WISEA J134146.51+515420.4,13h41m46.5132s,+51d54m20.404s,205.443805,51.905668,G,30658.5065575627,0.10226577,SLS,15,0,47,6,4,8,0,0,0,1
395,WISEA J120559.63+512813.8,12h05m59.6335s,+51d28m13.841s,181.4984729,51.4705114,G,25398.2653467763,0.084719494,SLS,21,0,68,12,10,10,0,0,1,1
396,WISEA J125812.85+510346.3,12h58m12.8585s,+51d03m46.357s,194.5535773,51.062877,G,28533.1219307225,0.09517625,SLS,17,0,63,7,6,10,0,0,1,1
397,WISEA J115441.94+550729.0,11h54m41.9426s,+55d07m29.038s,178.6747612,55.1247329,G,15566.72338165,0.051925,SLS,14,0,54,9,7,8,0,0,0,1
398,SDSS J115950.56+520643.7,11h59m50.5680s,+52d06m43.750s,179.9607,52.112153,G,25309.9857614614,0.084425025,SLS,11,0,35,4,4,8,0,0,0,1
399,WISEA J130527.39+514221.4,13h05m27.3992s,+51d42m21.409s,196.3641636,51.705947,G,43669.1035087181,0.14566445,SLS,12,0,66,10,8,10,0,0,1,1
400,WISEA J120023.58+511054.8,12h00m23.5851s,+51d10m54.844s,180.0982714,51.1819011,G,18533.7507513436,0.061821938,SLS,15,0,65,10,7,10,0,0,1,1
401,WISEA J120749.73+505917.9,12h07m49.7333s,+50d59m17.912s,181.9572223,50.9883091,G,28261.7539948353,0.094271064,SLS,17,0,70,12,8,10,0,0,1,1
402,WISEA J125740.67+505753.5,12h57m40.6701s,+50d57m53.532s,194.4194589,50.9648701,G,29130.3234966814,0.0971683,SLS,15,0,48,9,8,8,0,0,0,1
403,ZTF18aakscuy,12h04m47.9601s,+51d51m08.240s,181.199834,51.8522891,G,18122.5521182338,0.060450327,SLS,21,0,70,11,8,10,1,0,1,1
404,WISEA J115950.45+520716.1,11h59m50.4534s,+52d07m16.185s,179.9602226,52.1211627,G,25208.4940227301,0.084086485,SLS,15,0,62,7,4,10,0,0,1,1
405,WISEA J120643.87+504626.0,12h06m43.8793s,+50d46m26.067s,181.6828306,50.7739075,G,17439.9384818208,0.058173373,SLS,18,0,70,9,5,10,0,0,1,1
406,WISEA J122152.85+560236.7,12h21m52.8580s,+56d02m36.729s,185.4702419,56.043536,G,10931.153719749,0.036462404,SLS,15,0,53,7,5,8,0,0,1,1
407,WISEA J125615.46+551332.6,12h56m15.4676s,+55d13m32.687s,194.0644484,55.2257464,G,9577.90585375239,0.031948455,SLS,17,0,66,11,9,10,0,0,1,1
408,WISEA J130529.65+512354.6,13h05m29.6573s,+51d23m54.694s,196.3735721,51.3985262,G,28474.0400322697,0.094979174,SLS,15,0,58,8,5,8,0,0,0,1
409,WISEA J130546.23+553116.3,13h05m46.2300s,+55d31m16.399s,196.4426253,55.5212221,G,16450.6458548552,0.054873448,SLS,11,0,51,6,4,8,0,0,0,1
410,WISEA J131051.07+510516.8,13h10m51.0716s,+51d05m16.867s,197.7127984,51.0880188,G,28601.9752645514,0.09540592,SLS,14,0,51,6,4,8,0,0,0,1
411,HETDEX J131522.93+504527.1,13h15m22.9576s,+50d45m25.488s,198.845657,50.75708,G,0.0,0.0,SLS,1,0,0,3,2,0,0,0,0,0
412,WISEA J115428.99+550543.8,11h54m28.9957s,+55d05m43.896s,178.6208156,55.0955268,G,0.0,0.0,SLS,1,0,23,4,1,4,0,0,0,0
413,WISEA J120212.22+510531.8,12h02m12.2285s,+51d05m31.890s,180.5509522,51.0921918,G,21367.2877345088,0.0712736,SLS,21,0,62,7,6,10,1,0,1,1
414,WISEA J130626.21+510257.1,13h06m26.2123s,+51d02m57.105s,196.6092182,51.0491959,G,35806.5468434331,0.119437784,SLS,15,0,57,10,7,8,0,0,0,1
415,WISEA J122212.73+553832.8,12h22m12.7343s,+55d38m32.831s,185.5530597,55.6424531,G,13092.8060389882,0.0436729,SLS,15,0,63,8,6,10,0,0,1,1
416,WISEA J124624.94+510839.0,12h46m24.9406s,+51d08m39.096s,191.6039195,51.1441935,G,36717.2147011938,0.122475445,SLS,16,0,71,12,8,10,0,0,1,1
417,2MASX J12004753+5124405,12h00m47.5488s,+51d24m40.489s,180.19812,51.411247,G,39080.2373146791,0.13035764,SLS,11,0,39,7,5,6,0,0,1,1
418,WISEA J121502.63+511341.5,12h15m02.6399s,+51d13m41.580s,183.7609996,51.2282167,G,50473.3610192626,0.16836101,SLS,15,0,69,11,7,10,0,0,1,1
419,WISEA J125456.41+510135.7,12h54m56.4189s,+51d01m35.789s,193.735079,51.0266083,G,10725.1729172913,0.035775326,SLS,10,0,55,8,5,8,0,0,0,1
420,WISEA J121239.52+513705.5,12h12m39.5258s,+51d37m05.562s,183.1646911,51.6182117,G,24818.4670327967,0.082785495,SLS,15,0,70,13,9,10,0,0,1,1
421,WISEA J122732.82+502510.4,12h27m32.8254s,+50d25m10.453s,186.8867725,50.4195704,G,0.0,0.0,SLS,1,0,27,5,1,4,0,0,0,0
422,WISEA J135843.96+483935.9,13h58m43.9670s,+48d39m35.950s,209.6831962,48.6599863,G,0.0,0.0,SLS,1,0,30,4,1,6,0,0,1,0
423,WISEA J115157.70+550808.4,11h51m57.7000s,+55d08m08.413s,177.9904169,55.1356703,G,23891.4802723772,0.0796934,SLS,27,0,64,13,12,10,1,0,1,1
424,WISEA J121433.07+502244.3,12h14m33.0713s,+50d22m44.301s,183.6377973,50.3789727,G,30400.84693161,0.10140631,SLS,11,0,55,10,7,6,0,0,1,1
425,WISEA J123227.28+510439.1,12h32m27.2836s,+51d04m39.132s,188.1136819,51.0775368,G,12405.9533372191,0.041381806,SLS,19,0,59,16,11,8,0,0,1,1
426,WISEA J125459.69+521346.0,12h54m59.6924s,+52d13m46.030s,193.7487184,52.229453,G,18122.0853413767,0.06044877,SLS,14,0,66,10,8,10,0,0,1,1
427,WISEA J131409.58+555530.5,13h14m09.5856s,+55d55m30.527s,198.53994,55.9251464,G,9701.15203219848,0.03235956,SLS,15,0,62,10,9,10,0,0,1,1
428,WISEA J131808.69+504457.6,13h18m08.6937s,+50d44m57.626s,199.5362241,50.7493406,G,8814.06465001419,0.029400555,SLS,11,0,51,6,4,8,0,0,0,1
429,WISEA J115536.41+545537.0,11h55m36.4187s,+54d55m37.029s,178.9017446,54.9269526,G,23825.9336493601,0.07947476,SLS,17,0,63,6,4,10,0,0,1,1
430,WISEA J131154.37+511815.3,13h11m54.3770s,+51d18m15.313s,197.976571,51.3042536,G,16811.3555407359,0.056076646,SLS,17,0,66,9,7,10,0,0,1,1
431,2MASX J12103491+5512497,12h10m34.8487s,+55d12m50.169s,182.645203,55.213936,G,15422.8259997346,0.05144501,SLS,15,0,54,9,8,10,0,0,1,1
432,WISEA J122711.18+504259.2,12h27m11.1863s,+50d42m59.236s,186.7966097,50.7164545,G,12163.1166495598,0.04057179,SLS,15,0,59,10,6,8,0,0,0,1
433,WISEA J123930.46+512317.7,12h39m30.4627s,+51d23m17.717s,189.8769279,51.3882548,G,35544.9599362806,0.118565224,SLS,17,0,67,10,6,10,0,0,1,0
434,WISEA J131854.46+514302.2,13h18m54.4644s,+51d43m02.263s,199.7269352,51.7172954,G,8981.50323469406,0.02995907,SLS,11,0,55,7,4,8,0,0,0,1
435,WISEA J120711.83+504038.4,12h07m11.8384s,+50d40m38.482s,181.7993268,50.6773563,G,37240.5698899359,0.12422117,SLS,11,0,70,9,4,10,0,0,1,1
436,WISEA J130138.57+502434.1,13h01m38.4878s,+50d24m33.721s,195.410366,50.409367,G,36414.6656515425,0.12146625,SLS,20,0,67,12,10,10,0,0,1,1
437,WISEA J122835.81+511702.5,12h28m35.8159s,+51d17m02.582s,187.1492331,51.2840507,G,25846.2560092941,0.08621383,SLS,21,0,63,7,6,10,1,0,1,1
438,WISEA J132452.89+511747.7,13h24m52.8924s,+51d17m47.789s,201.2203853,51.2966082,G,24162.9798171534,0.080599025,SLS,12,0,56,7,4,8,0,0,0,1
439,WISEA J124732.81+510215.6,12h47m32.8107s,+51d02m15.684s,191.8867113,51.0376901,G,35064.1201147623,0.116961315,SLS,12,0,59,11,7,8,0,0,0,1
440,WISEA J132225.78+520223.9,13h22m25.7856s,+52d02m23.902s,200.6074403,52.0399728,G,29111.9552127797,0.09710703,SLS,17,0,62,8,7,10,1,0,1,1
441,WISEA J124643.76+540213.6,12h46m43.7676s,+54d02m13.632s,191.6823653,54.0371202,G,15614.0426232207,0.05208284,SLS,11,0,51,6,4,8,0,0,0,1
442,WISEA J123419.31+515001.0,12h34m19.3151s,+51d50m01.036s,188.5804799,51.8336213,G,28409.1367638674,0.09476268,SLS,13,0,59,11,7,8,0,0,0,1
443,WISEA J132747.07+521212.3,13h27m47.0724s,+52d12m12.336s,201.946135,52.2034268,G,4563.5400269796,0.015222331,SLS,11,0,51,8,6,8,0,0,0,1
444,WISEA J122142.64+551240.0,12h21m42.6423s,+55d12m40.074s,185.4276765,55.2111318,G,13346.164542546,0.044518013,SLS,12,0,62,8,6,10,0,0,1,1
445,WISEA J121515.24+554341.0,12h15m15.2409s,+55d43m41.015s,183.8135039,55.7280599,G,9347.0191932614,0.0311783,SLS,15,0,43,10,8,4,0,0,0,1
446,WISEA J122307.98+553738.2,12h23m07.9849s,+55d37m38.298s,185.7832706,55.6273052,G,24193.5811323038,0.0807011,SLS,15,0,66,12,8,10,0,0,1,1
447,WISEA J123606.92+520011.9,12h36m06.9229s,+52d00m11.904s,189.0288454,52.0033068,G,11100.5733329914,0.037027527,SLS,12,0,51,8,6,8,0,0,0,1
448,WISEA J115457.80+545721.0,11h54m57.8033s,+54d57m21.043s,178.7408474,54.9558454,G,5977.71921110245,0.019939525,SLS,19,0,48,12,9,8,0,0,0,1
449,WISEA J121755.01+553742.2,12h17m55.0194s,+55d37m42.227s,184.4792475,55.6283966,G,35314.951967484,0.117798,SLS,12,0,51,9,7,8,0,0,0,1
450,WISEA J120808.78+520615.2,12h08m08.7836s,+52d06m15.294s,182.0365984,52.1042485,G,17981.5408383115,0.059979964,SLS,18,0,61,10,6,8,0,0,0,1
451,WISEA J124310.44+512000.9,12h43m10.4415s,+51d20m00.904s,190.7935066,51.3335845,G,35726.6767363576,0.119171366,SLS,15,0,62,7,6,10,0,0,1,1
452,WISEA J125529.39+505152.3,12h55m29.3984s,+50d51m52.326s,193.8724934,50.8645351,G,32933.7619310439,0.109855205,SLS,18,0,65,9,8,10,0,0,1,1
453,WISEA J121349.83+553244.5,12h13m49.8321s,+55d32m44.547s,183.457634,55.5457077,G,32723.517180456,0.109153904,SLS,18,0,58,9,5,8,0,0,0,1
454,WISEA J121450.98+504714.6,12h14m50.9805s,+50d47m14.624s,183.7124189,50.7873957,G,28493.1266189007,0.09504284,SLS,15,0,69,13,9,10,0,0,1,1
455,WISEA J121714.34+510231.0,12h17m14.3491s,+51d02m31.092s,184.3097882,51.0419702,G,13959.3741263847,0.04656346,SLS,14,0,45,10,6,4,0,0,0,1
456,WISEA J123814.81+553309.7,12h38m14.8168s,+55d33m09.731s,189.561737,55.5527033,G,36475.7543607092,0.12167002,SLS,12,0,41,7,3,4,0,0,0,1
457,WISEA J131128.50+541831.8,13h11m28.5074s,+54d18m31.834s,197.8687811,54.308843,G,19087.4050644383,0.06366873,SLS,14,0,51,8,6,8,0,0,0,1
458,WISEA J123844.47+512152.8,12h38m44.4797s,+51d21m52.887s,189.6853322,51.364691,G,46800.1449338438,0.15610848,SLS,11,0,59,8,3,8,0,0,0,1
459,WISEA J131147.88+541537.4,13h11m47.8886s,+54d15m37.449s,197.9495359,54.2604027,G,19084.188291364,0.063658,SLS,1,0,12,4,2,0,0,0,0,0
460,WISEA J132713.16+510057.6,13h27m13.1648s,+51d00m57.632s,201.8048535,51.0160089,G,34464.6805981044,0.1149618,SLS,14,0,51,6,3,8,0,0,0,1
461,WISEA J120912.00+520806.4,12h09m12.0001s,+52d08m06.478s,182.3000004,52.135133,G,13047.9504918373,0.043523278,SLS,12,0,66,8,5,10,0,0,1,1
462,WISEA J124826.29+504531.2,12h48m26.2973s,+50d45m31.227s,192.1095724,50.7586743,G,28201.0897917892,0.09406871,SLS,14,0,65,8,5,10,0,0,1,1
463,WISEA J120006.47+514113.4,12h00m06.4722s,+51d41m13.458s,180.0269676,51.6870717,G,21139.6553211494,0.0705143,SLS,6,0,46,9,6,6,0,0,1,0
464,WISEA J120602.42+502457.3,12h06m02.4228s,+50d24m57.309s,181.5100952,50.4159193,G,7034.63002697,0.023465,SLS,13,0,55,7,4,8,0,0,0,1
465,WISEA J123444.48+554059.3,12h34m44.4800s,+55d40m59.380s,188.6853337,55.6831611,G,0.0,0.0,SLS,1,0,23,4,1,4,0,0,0,0
466,WISEA J120233.56+514335.5,12h02m33.5671s,+51d43m35.547s,180.6398629,51.7265409,G,24867.5955218515,0.08294937,SLS,17,0,67,9,7,10,0,0,1,1
467,WISEA J121005.58+551527.3,12h10m05.6028s,+55d15m27.493s,182.523345,55.257637,G,49.2517127487617,0.00016428603,SLS,1,0,26,6,2,4,0,0,0,1
468,WISEA J123246.82+505339.8,12h32m46.8270s,+50d53m39.841s,188.1951127,50.8944005,G,18694.4802806059,0.062358074,SLS,13,0,66,9,6,10,0,0,1,1
469,WISEA J132156.98+510723.4,13h21m56.9817s,+51d07m23.461s,200.4874238,51.1231837,G,9422.27549440822,0.031429328,SLS,11,0,36,6,4,4,0,0,0,1
470,WISEA J123250.13+504616.5,12h32m50.1302s,+50d46m16.568s,188.2088762,50.7712691,G,8912.62981477051,0.029729333,SLS,11,0,38,7,6,4,0,0,0,1
471,WISEA J124657.42+535137.9,12h46m57.4206s,+53d51m37.904s,191.7392527,53.860529,G,32018.7608730952,0.10680309,SLS,22,0,63,7,6,10,1,0,1,1
472,WISEA J120028.32+514521.8,12h00m28.3229s,+51d45m21.846s,180.1180122,51.7560684,G,20008.1186676742,0.0667399,SLS,17,0,67,9,7,10,0,0,1,1
473,WISEA J120030.28+511009.8,12h00m30.2822s,+51d10m09.881s,180.1261762,51.1694114,G,77310.47906904,0.25788,SLS,1,0,33,4,1,4,0,0,0,0
474,WISEA J122521.49+505125.7,12h25m21.4960s,+50d51m25.732s,186.3395667,50.8571479,G,27884.9916219986,0.09301432,SLS,16,0,72,7,4,12,0,0,2,1
475,WISEA J124604.87+535439.5,12h46m04.8763s,+53d54m39.582s,191.5203179,53.9109951,G,0.0,0.0,SLS,1,0,23,4,1,4,0,0,0,0
476,WISEA J120136.30+552029.4,12h01m36.3066s,+55d20m29.413s,180.4012778,55.3415038,G,24336.1534315549,0.08117667,SLS,23,0,62,7,6,10,1,0,1,1
477,WISEA J130447.22+513410.0,13h04m47.2289s,+51d34m10.085s,196.1967873,51.5694682,G,30470.9503999887,0.10164015,SLS,17,0,63,7,6,10,0,0,1,1
478,WISEA J131655.89+514441.9,13h16m55.8937s,+51d44m41.934s,199.2328908,51.7449817,G,30080.322326177,0.100337155,SLS,16,0,66,7,4,10,0,0,1,1
479,WISEA J121436.31+510452.2,12h14m36.3188s,+51d04m52.210s,183.6513285,51.0811696,G,17997.7284318737,0.06003396,SLS,13,0,70,10,6,10,0,0,1,0
480,SDSS J123418.05+520947.3,12h34m18.0576s,+52d09m47.354s,188.57524,52.163154,G,6686.77664085819,0.022304686,SLS,9,0,24,5,4,4,0,0,0,1
481,WISEA J123524.09+512431.5,12h35m24.0924s,+51d24m31.510s,188.8503852,51.4087528,G,29064.6494618696,0.096949235,SLS,13,0,55,9,6,8,0,0,0,1
482,WISEA J123855.40+511008.7,12h38m55.4099s,+51d10m08.756s,189.7308749,51.169099,G,35610.8261380579,0.11878493,SLS,12,0,36,6,3,4,0,0,0,1
483,WISEA J125847.29+502306.9,12h58m47.2918s,+50d23m06.982s,194.6970492,50.3852728,G,29305.3932983797,0.09775227,SLS,18,0,67,9,7,10,0,0,1,1
484,WISEA J133811.32+505335.2,13h38m11.3275s,+50d53m35.254s,204.5471983,50.8931261,G,0.0,0.0,SLS,1,0,23,4,1,4,0,0,0,0
485,WISEA J124100.78+520555.0,12h41m00.7871s,+52d05m55.089s,190.2532798,52.0986359,G,0.0,0.0,SLS,1,0,23,4,1,4,0,0,0,0
486,WISEA J130300.88+511823.8,13h03m00.8853s,+51d18m23.850s,195.7536889,51.3066251,G,36607.65704638,0.12211,SLS,8,0,42,6,4,6,0,0,1,0
487,WISEA J131906.02+512402.2,13h19m06.0234s,+51d24m02.282s,199.7750976,51.4006341,G,25634.3207290356,0.08550689,SLS,13,0,57,8,5,8,0,0,0,1
488,WISEA J115541.03+545401.6,11h55m41.0370s,+54d54m01.624s,178.9209876,54.9004511,G,24122.1825605065,0.08046294,SLS,18,0,63,6,4,10,0,0,1,1
489,WISEA J124405.97+511237.0,12h44m05.9753s,+51d12m37.043s,191.0248973,51.2102898,G,13784.2173848736,0.0459792,SLS,12,0,57,7,4,8,0,0,0,1
490,WISEA J121259.94+532521.8,12h12m59.9426s,+53d25m21.814s,183.2497612,53.4227263,G,15065.6382756505,0.05025356,SLS,13,0,51,6,4,8,0,0,0,1
491,WISEA J122900.39+553934.7,12h29m00.3953s,+55d39m34.712s,187.2516473,55.6596423,G,18961.9898875586,0.06325039,SLS,17,0,56,8,5,8,0,0,0,1
492,WISEA J123729.20+505403.7,12h37m29.2085s,+50d54m03.795s,189.3717024,50.9010542,G,45299.1740343752,0.15110178,SLS,13,0,43,8,5,4,0,0,0,1
493,WISEA J114923.34+522053.0,11h49m23.3471s,+52d20m53.026s,177.3472798,52.348063,G,15969.1347980234,0.0532673,SLS,18,0,63,10,8,10,0,0,1,1
494,WISEA J131114.95+514004.8,13h11m14.9523s,+51d40m04.864s,197.8123013,51.6680179,G,16826.451290166,0.056127,SLS,3,0,22,6,2,0,0,0,0,0
495,WISEA J115306.02+550639.9,11h53m06.0277s,+55d06m39.944s,178.2751156,55.1110958,G,29283.1876710156,0.0976782,SLS,17,0,62,12,10,10,0,0,1,1
496,WISEA J115356.93+551017.4,11h53m56.9305s,+55d10m17.425s,178.4872107,55.171507,G,1198.4653197237,0.00399765,SLS,18,0,48,16,12,8,0,0,0,1
497,WISEA J121349.85+511432.9,12h13m49.8566s,+51d14m32.969s,183.4577359,51.2424914,G,41363.9393406645,0.13797525,SLS,13,0,70,11,7,10,0,0,1,1
498,WISEA J123343.29+502139.6,12h33m43.2935s,+50d21m39.640s,188.4303897,50.3610113,G,27152.4187716298,0.09057072,SLS,12,0,51,6,3,8,0,0,0,1
499,WISEA J131048.67+510541.6,13h10m48.6722s,+51d05m41.666s,197.702801,51.0949073,G,0.0,0.0,SLS,1,0,23,4,1,4,0,0,0,0
500,WISEA J123508.27+542151.4,12h35m08.2764s,+54d21m51.446s,188.7844853,54.3642908,G,25406.2596124613,0.08474616,SLS,14,0,62,6,4,10,0,0,1,1
501,WISEA J124802.95+552828.6,12h48m02.9515s,+55d28m28.600s,192.0122981,55.4746112,G,23594.2468427987,0.078701936,SLS,12,0,62,7,5,10,0,0,1,1
502,WISEA J130529.61+535201.3,13h05m29.6136s,+53d52m01.378s,196.3733902,53.8670495,G,26369.1270332165,0.08795794,SLS,13,0,68,9,5,10,0,0,1,1
503,WISEA J123418.91+504411.5,12h34m18.9158s,+50d44m11.505s,188.5788161,50.7365294,G,27923.636368797,0.093143225,SLS,12,0,51,8,6,8,0,0,0,1
504,WISEA J125109.22+550542.1,12h51m09.2244s,+55d05m42.123s,192.7884351,55.0950343,G,25203.2383611489,0.084068954,SLS,13,0,47,8,7,8,0,0,0,1
505,2MASX J11542614+5104167,11h54m26.1696s,+51d04m17.122s,178.60904,51.071423,G,37997.494881668,0.126746,SLS,15,0,39,8,7,6,0,0,1,0
506,WISEA J123310.72+505236.7,12h33m10.7288s,+50d52m36.743s,188.2947036,50.8768733,G,0.0,0.0,SLS,1,0,17,3,1,4,0,0,0,0
507,WISEA J123605.99+510333.3,12h36m05.9933s,+51d03m33.387s,189.0249724,51.0592742,G,27296.9127405366,0.0910527,SLS,8,0,38,7,4,4,0,0,0,1
508,WISEA J125836.22+504417.1,12h58m36.2261s,+50d44m17.130s,194.6509422,50.7380917,G,21010.0640353297,0.07008203,SLS,8,0,36,8,6,4,0,0,0,1
509,WISEA J133323.25+551846.3,13h33m23.2510s,+55d18m46.339s,203.3468795,55.3128722,G,32395.0153975081,0.10805814,SLS,13,0,61,6,4,10,0,0,1,1
510,WISEA J121608.40+514107.4,12h16m08.4007s,+51d41m07.408s,184.0350033,51.6853911,G,14349.9422417048,0.047866255,SLS,6,0,50,8,3,6,0,0,1,0
511,2MASX J12231048+5549320,12h23m10.5110s,+55d49m32.365s,185.793796,55.825657,G,31303.129294528,0.104416,SLS,16,0,51,9,8,10,0,0,1,1
512,WISEA J125107.20+512445.4,12h51m07.2019s,+51d24m45.445s,192.7800082,51.4126238,G,16023.1783844271,0.05344757,SLS,14,0,56,7,4,8,0,0,0,0
513,2MASX J13330317+5155194,13h33m03.1322s,+51d55m20.784s,203.263051,51.92244,G,34353.8653139293,0.11459216,SLS,18,0,58,8,6,10,0,0,1,1
514,WISEA J120949.31+553906.0,12h09m49.3104s,+55d39m06.031s,182.4554603,55.6516755,G,28225.6308024011,0.09415057,SLS,18,0,72,11,8,10,0,0,1,1
515,SBS 1219+559,12h21m28.9483s,+55d38m23.413s,185.3706181,55.6398372,G,9236.86585083354,0.030810868,SLS,20,2,69,10,7,8,0,0,0,1
516,SBS 1219+558,12h22m05.9407s,+55d35m31.851s,185.5247531,55.592181,G,9223.5047005654,0.0307663,SLS,19,1,66,8,5,10,0,0,1,1
517,WISEA J122806.24+513506.8,12h28m06.2453s,+51d35m06.853s,187.0260221,51.585237,G,25514.1189430005,0.08510594,SLS,15,0,51,7,5,8,0,0,0,1
518,WISEA J125842.81+512606.4,12h58m42.8170s,+51d26m06.410s,194.6784042,51.4351141,G,28926.6804758112,0.09648902,SLS,13,0,57,7,3,8,0,0,0,1
519,WISEA J131416.98+514118.2,13h14m16.9880s,+51d41m18.257s,198.5707834,51.6884048,G,30336.9461691873,0.10119316,SLS,14,0,59,8,5,8,0,0,0,1
520,WISEA J115948.82+531954.5,11h59m48.8216s,+53d19m54.514s,179.9534234,53.3318095,G,21160.3050256564,0.07058318,SLS,14,0,62,7,5,10,0,0,1,1
521,WISEA J130302.27+511445.7,13h03m02.2703s,+51d14m45.724s,195.7594597,51.2460345,G,36459.4846240135,0.12161575,SLS,19,0,48,7,6,6,1,0,1,1
522,WISEA J132743.30+553640.9,13h27m43.3055s,+55d36m40.991s,201.9304399,55.6113866,G,7170.13711736337,0.023917003,SLS,14,0,50,8,6,8,0,0,0,1
523,2MASX J12174507+5544220,12h17m45.1288s,+55d44m22.538s,184.438037,55.739594,G,35136.6204238427,0.11720315,SLS,17,0,54,8,6,10,0,0,1,1
524,WISEA J125020.30+550553.4,12h50m20.3026s,+55d05m53.447s,192.5845942,55.0981799,G,25341.156682282,0.084529,SLS,1,0,18,4,1,0,0,0,0,0
525,SDSS J121608.13+514122.0,12h16m08.1395s,+51d41m22.052s,184.0339148302,51.6894591009,G,0.0,0.0,SLS,1,0,12,4,1,4,0,0,0,0
526,WISEA J124017.51+515038.3,12h40m17.5160s,+51d50m38.310s,190.0729834,51.8439752,G,8134.568555372,0.027134,SLS,1,0,31,5,2,4,0,0,0,0
527,WISEA J120554.01+552102.9,12h05m54.0187s,+55d21m02.961s,181.4750779,55.3508225,G,13307.2044140816,0.044388056,SLS,11,0,51,7,5,8,0,0,0,1
528,WISEA J120700.57+515025.3,12h07m00.5789s,+51d50m25.373s,181.7524121,51.8403814,G,26861.8809068082,0.08960159,SLS,13,0,32,6,4,4,0,0,0,1
529,WISEA J123410.41+513808.8,12h34m10.4139s,+51d38m08.806s,188.5433914,51.6357795,G,55799.8425728139,0.18612824,SLS,14,0,68,12,9,10,0,0,1,1
530,WISEA J122927.46+521749.2,12h29m27.4644s,+52d17m49.299s,187.3644351,52.2970277,G,25131.1100945089,0.08382836,SLS,11,0,52,6,4,8,0,0,0,1
531,WISEA J123513.57+504513.4,12h35m13.5765s,+50d45m13.437s,188.806569,50.7537327,G,22078.3384843178,0.07364541,SLS,11,0,57,8,4,8,0,0,0,1
532,WISEA J120504.00+505133.7,12h05m04.0089s,+50d51m33.703s,181.266704,50.859362,G,18823.8035519681,0.06278945,SLS,14,0,51,8,6,6,1,0,1,1
533,WISEA J122706.16+505851.1,12h27m06.1624s,+50d58m51.133s,186.7756767,50.9808703,G,0.0,0.0,SLS,1,0,23,4,1,4,0,0,0,0
534,WISEA J123602.99+520136.4,12h36m02.9992s,+52d01m36.464s,189.0124969,52.0267956,G,28774.979496214,0.095983,SLS,1,0,31,5,2,4,0,0,0,0
535,WISEA J134226.59+552243.4,13h42m26.5947s,+55d22m43.489s,205.6108113,55.3787472,G,36773.1023110066,0.122661866,SLS,15,0,63,9,7,10,0,0,1,1
536,WISEA J122640.18+553111.3,12h26m40.1867s,+55d31m11.380s,186.6674446,55.519828,G,44768.6613006984,0.14933218,SLS,12,0,56,10,7,8,0,0,0,1
537,WISEA J123749.20+514816.3,12h37m49.2077s,+51d48m16.341s,189.4550323,51.8045394,G,29403.737216302,0.09808031,SLS,14,0,52,11,6,6,0,0,1,0
538,WISEA J124937.05+550619.3,12h49m37.0591s,+55d06m19.316s,192.4044132,55.1053658,G,25024.8216764496,0.08347382,SLS,17,0,54,8,5,8,0,0,0,1
539,WISEA J142909.14+485742.1,14h29m09.1486s,+48d57m42.190s,217.2881192,48.9617196,G,30005.927328762,0.100089,SLS,1,0,16,5,2,0,0,0,0,0
540,WISEA J115407.29+551510.2,11h54m07.2948s,+55d15m10.246s,178.5303951,55.2528462,G,14479.162084669,0.048297286,SLS,13,0,36,9,7,4,0,0,0,1
541,WISEA J122352.05+521045.8,12h23m52.0585s,+52d10m45.870s,185.9669107,52.1794085,G,25846.849598361,0.08621581,SLS,17,0,62,7,6,10,1,0,1,0
542,WISEA J124213.64+503624.7,12h42m13.6436s,+50d36m24.744s,190.5568486,50.6068734,G,28759.390288398,0.095931,SLS,2,0,31,4,1,4,0,0,0,0
543,WISEA J124511.49+505143.2,12h45m11.4924s,+50d51m43.214s,191.297885,50.862004,G,36801.1655832075,0.122755475,SLS,15,0,58,8,5,8,0,0,0,1
544,WISEA J120751.54+515607.2,12h07m51.5435s,+51d56m07.203s,181.9647648,51.9353342,G,17999.1383558037,0.060038663,SLS,14,0,67,7,4,10,0,0,1,1
545,WISEA J122833.69+512745.8,12h28m33.6997s,+51d27m45.870s,187.1404156,51.4627419,G,26089.43865745,0.087025,SLS,1,0,31,6,3,4,0,0,0,0
546,WISEA J130021.66+513628.9,13h00m21.6606s,+51d36m28.986s,195.0902527,51.6080518,G,0.0,0.0,SLS,1,0,23,4,1,4,0,0,0,0
547,SDSS J130740.93+555806.1,13h07m40.9337s,+55d58m06.173s,196.9205574745,55.9683815929,G,38081.436769908,0.127026,SLS,1,0,15,2,1,4,0,0,0,0
548,WISEA J115359.80+501526.6,11h53m59.8049s,+50d15m26.677s,178.4991871,50.2574105,G,45961.5624724017,0.15331127,SLS,15,0,66,8,5,10,0,0,1,1
549,WISEA J121059.68+505143.8,12h10m59.6880s,+50d51m43.878s,182.7487002,50.8621885,G,35629.1029852599,0.118845895,SLS,13,0,70,12,8,10,0,0,1,1
550,WISEA J124426.48+514005.7,12h44m26.4894s,+51d40m05.734s,191.1103725,51.6682597,G,21289.404651845,0.07101381,SLS,4,0,55,9,5,8,0,0,0,1
551,WISEA J120732.00+512220.7,12h07m32.0061s,+51d22m20.771s,181.8833591,51.3724364,G,27384.9632844135,0.091346405,SLS,13,0,42,9,6,4,0,0,0,1
552,WISEA J121302.82+552719.3,12h13m02.8270s,+55d27m19.353s,183.2617793,55.4553759,G,32035.222476964,0.106858,SUN,9,0,42,10,6,6,0,0,1,0
553,WISEA J123551.44+515353.4,12h35m51.4412s,+51d53m53.435s,188.9643386,51.8981764,G,35374.910459084,0.117998,SLS,1,0,33,7,3,4,0,0,0,0
554,WISEA J122043.88+554557.6,12h20m43.8832s,+55d45m57.633s,185.1828469,55.7660093,G,37075.633073318,0.123671,SLS,12,0,51,10,8,8,0,0,0,1
555,WISEA J122143.58+554840.0,12h21m43.5846s,+55d48m40.097s,185.4316026,55.8111383,G,9945.3749601836,0.0331742,SLS,6,0,24,9,5,0,0,0,0,0
556,WISEA J130442.06+552319.0,13h04m42.0690s,+55d23m19.055s,196.1752877,55.3886265,G,51821.3957942071,0.17285757,SLS,12,0,60,7,5,10,0,0,1,1
557,WISEA J132608.67+503058.2,13h26m08.6792s,+50d30m58.210s,201.5361635,50.5161695,G,26435.69894644,0.08818,SLS,1,0,31,7,4,4,0,0,0,0
558,WISEA J122549.46+503506.2,12h25m49.4651s,+50d35m06.269s,186.4561048,50.5850748,G,25717.0889298025,0.085782975,SLS,18,0,62,7,6,10,0,0,1,1
559,WISEA J123435.86+521253.4,12h34m35.8608s,+52d12m53.417s,188.6494201,52.2148381,G,56033.6207315623,0.18690804,SLS,19,0,62,9,8,10,1,0,1,1
560,2MASX J12474701+5106317,12h47m47.1816s,+51d06m31.492s,191.94659,51.108748,G,37173.3534229277,0.12399696,SLS,14,0,64,9,8,10,0,0,1,1
561,WISEA J125510.39+510018.3,12h55m10.3937s,+51d00m18.306s,193.7933071,51.005085,G,29625.8054816409,0.09882105,SLS,8,0,51,9,8,8,0,0,0,1
562,WISEA J131408.33+515517.9,13h14m08.3357s,+51d55m17.915s,198.5347324,51.9216433,G,17727.927211372,0.059134,SLS,4,0,42,4,1,6,0,0,1,0
563,WISEA J123630.04+505409.5,12h36m30.0433s,+50d54m09.530s,189.1251806,50.9026474,G,43986.149022676,0.146722,SLS,2,0,33,6,2,4,0,0,0,0
564,WISEA J125836.87+520421.2,12h58m36.8738s,+52d04m21.243s,194.653641,52.0725675,G,10006.1968540626,0.03337708,SLS,12,0,52,8,6,8,0,0,0,1
565,WISEA J120108.69+511407.8,12h01m08.7240s,+51d14m07.486s,180.28635,51.235413,G,38261.312244708,0.127626,SLS,15,0,58,9,6,8,0,0,0,1
566,WISEA J120714.69+505128.6,12h07m14.6927s,+50d51m28.693s,181.8112199,50.8579704,G,25289.8232196987,0.08435777,SLS,11,0,55,10,7,8,0,0,0,1
567,WISEA J121211.13+525634.0,12h12m11.1346s,+52d56m34.030s,183.0463944,52.9427861,G,24639.2765837632,0.08218778,SLS,15,0,66,8,5,10,0,0,1,1
568,WISEA J121610.86+511022.2,12h16m10.8642s,+51d10m22.276s,184.0452678,51.1728546,G,24078.0651023872,0.08031578,SLS,11,0,47,6,5,8,0,0,0,1
569,WISEA J121909.80+520018.8,12h19m09.8088s,+52d00m18.805s,184.79087,52.0052237,G,17260.1361563806,0.057573617,SLS,13,0,48,6,5,8,0,0,0,1
570,SDSS J123855.62+514829.8,12h38m55.6204s,+51d48m29.812s,189.7317519551,51.8082813119,G,44342.002670322,0.147909,SLS,1,0,19,3,1,4,0,0,0,0
571,HETDEX J124106.37+503004.1,12h41m06.3720s,+50d30m04.089s,190.27655,50.501136,G,0.0,0.0,SLS,1,0,0,2,1,0,0,0,0,0
572,WISEA J132530.12+554914.6,13h25m30.1212s,+55d49m14.690s,201.375505,55.8207474,G,36666.716160606,0.122307,SLS,1,0,27,4,2,4,0,0,0,0
573,ZTF18aaieiyz,11h51m01.7723s,+50d54m57.116s,177.7573848,50.9158656,G,37401.0086205139,0.124756336,SLS,20,0,66,13,10,10,0,0,1,1
574,WISEA J115142.34+515355.3,11h51m42.3433s,+51d53m55.347s,177.9264305,51.8987077,G,23363.0061274148,0.0779306,SLS,14,0,51,9,7,8,0,0,0,1
575,WISEA J120305.91+505953.9,12h03m05.9132s,+50d59m53.912s,180.7746386,50.9983091,G,36130.2330601281,0.120517485,SLS,12,0,36,7,5,4,0,0,0,1
576,HETDEX J122235.72+553857.0,12h22m35.7163s,+55d38m57.022s,185.648818,55.649173,G,0.0,0.0,SLS,1,0,0,2,1,0,0,0,0,0
577,WISEA J123549.63+515448.6,12h35m49.6301s,+51d54m48.651s,188.9567921,51.9135142,G,35401.891780304,0.118088,SLS,1,0,38,7,2,4,0,0,0,0
578,WISEA J124837.20+515851.8,12h48m37.2034s,+51d58m51.843s,192.1550142,51.9810677,G,27707.418553276,0.092422,SLS,1,0,37,8,3,4,0,0,0,0
579,WISEA J123547.76+510150.8,12h35m47.7633s,+51d01m50.829s,188.9490141,51.030786,G,42621.7215961281,0.14217076,SLS,9,0,58,9,4,8,0,0,0,1
580,WISEA J133713.85+515511.4,13h37m13.8580s,+51d55m11.418s,204.3077417,51.9198384,G,24854.0718840711,0.08290426,SLS,11,0,61,8,3,8,0,0,0,1
581,WISEA J120032.05+511106.6,12h00m32.0517s,+51d11m06.679s,180.133549,51.1851888,G,38180.967865964,0.127358,SLS,16,0,48,8,7,6,1,0,1,1
582,WISEA J122759.45+510523.6,12h27m59.4506s,+51d05m23.681s,186.9977109,51.0899115,G,26972.32744626,0.08997,SLS,1,0,31,6,3,4,0,0,0,0
583,WISEA J124920.05+550852.5,12h49m20.0515s,+55d08m52.555s,192.3335482,55.147932,G,24556.0122264783,0.08191004,SLS,14,0,47,7,5,8,0,0,0,1
584,WISEA J122712.00+503529.6,12h27m12.0006s,+50d35m29.609s,186.8000026,50.5915583,G,0.0,0.0,SLS,1,0,22,4,1,4,0,0,0,0
585,WISEA J120020.63+521457.3,12h00m20.6371s,+52d14m57.386s,180.0859882,52.2492739,G,22482.242867132,0.07499269,SLS,10,0,51,6,4,8,0,0,0,1
586,WISEA J120615.73+512529.8,12h06m15.7365s,+51d25m29.817s,181.5655688,51.4249494,G,27710.266581627,0.0924315,SLS,16,0,66,7,4,10,0,0,1,1
587,WISEA J124401.13+511647.4,12h44m01.1391s,+51d16m47.439s,191.0047463,51.2798443,G,35748.55529015,0.119244345,SLS,12,0,61,9,4,8,0,0,0,1
588,2MASX J12590420+5546468,12h59m04.2489s,+55d46m46.567s,194.767704,55.779602,G,30837.1603780963,0.102861695,SLS,16,0,50,7,7,10,0,0,1,1
589,WISEA J130628.13+552049.7,13h06m28.1394s,+55d20m49.742s,196.6172477,55.3471506,G,50962.9041156291,0.16999395,SLS,11,0,47,7,6,8,0,0,0,1
590,WISEA J120517.63+521751.3,12h05m17.6355s,+52d17m51.326s,181.3234813,52.2975907,G,26862.7982717297,0.08960465,SLS,14,0,61,11,7,8,0,0,0,1
591,WISEA J125953.27+560200.1,12h59m53.2701s,+56d02m00.124s,194.9719591,56.0333678,G,19141.148858384,0.063848,SLS,1,0,12,3,1,0,0,0,0,0
592,WISEA J120112.43+514229.5,12h01m12.4339s,+51d42m29.539s,180.3018081,51.7082053,G,37715.597035486,0.12580569,SLS,14,0,42,8,5,4,0,0,0,1
593,WISEA J121337.10+510325.3,12h13m37.1019s,+51d03m25.326s,183.4045913,51.0570352,G,9402.49338927464,0.031363342,SLS,14,0,56,7,4,8,0,0,0,1
594,WISEA J134003.84+513710.4,13h40m03.8479s,+51d37m10.439s,205.0160332,51.6195666,G,36663.5263688529,0.12229636,SLS,15,0,51,7,5,8,0,0,0,1
595,WISEA J115201.61+550414.0,11h52m01.6106s,+55d04m14.088s,178.0067112,55.0705801,G,24426.8796231194,0.0814793,SLS,17,0,47,8,7,8,0,0,0,1
596,WISEA J121349.90+553037.4,12h13m49.9023s,+55d30m37.466s,183.4579265,55.5104073,G,5217.04171717352,0.017402178,SLS,11,0,51,8,5,8,0,0,0,1
597,WISEA J124846.34+550006.3,12h48m46.3401s,+55d00m06.365s,192.193084,55.0017681,G,28899.7800985548,0.09639929,SLS,14,0,53,8,6,8,0,0,0,1
598,WISEA J132707.16+555720.1,13h27m07.1663s,+55d57m20.156s,201.7798599,55.955599,G,45544.0804891646,0.1519187,SUN,23,0,65,12,10,10,1,0,1,1
599,WISEA J130302.88+511754.6,13h03m02.8863s,+51d17m54.699s,195.7620266,51.2985275,G,36094.9579805576,0.12039982,SLS,12,0,62,6,4,10,0,0,1,1
600,WISEA J124237.76+553538.9,12h42m37.7638s,+55d35m38.940s,190.6573492,55.5941502,G,30219.1037497966,0.10080008,SLS,9,0,47,5,4,8,0,0,0,1
601,WISEA J125901.37+514400.3,12h59m01.3764s,+51d44m00.386s,194.7557353,51.7334406,G,0.0,0.0,SLS,1,0,23,4,1,4,0,0,0,0
602,WISEA J131503.89+512114.7,13h15m03.8946s,+51d21m14.745s,198.7662278,51.3540959,G,25764.16384052,0.08594,SLS,1,0,31,4,1,4,0,0,0,0
603,WISEA J141310.34+501734.3,14h13m10.3489s,+50d17m34.369s,213.2931204,50.2928805,G,14702.121932778,0.049041,SLS,1,0,31,4,1,4,0,0,0,0
604,WISEA J123100.98+512211.6,12h31m00.9858s,+51d22m11.662s,187.7541075,51.3699063,G,13172.580812062,0.043939,SLS,1,0,16,4,1,0,0,0,0,0
605,WISEA J123802.60+513821.8,12h38m02.6056s,+51d38m21.868s,189.5108569,51.639408,G,35267.9954747875,0.11764137,SLS,12,0,59,8,4,8,0,0,0,1
606,WISEA J121324.07+515028.2,12h13m24.0795s,+51d50m28.221s,183.3503316,51.8411726,G,17748.5568297844,0.059202813,SLS,13,0,57,7,4,8,0,0,0,1
607,WISEA J122718.04+502923.6,12h27m18.0425s,+50d29m23.630s,186.8251772,50.4898974,G,11801.6418933263,0.03936604,SLS,15,0,42,7,4,4,0,0,0,1
608,WISEA J133741.89+511356.2,13h37m41.8928s,+51d13m56.236s,204.4245536,51.2322878,G,18563.748584276,0.061922,SLS,1,0,16,5,2,0,0,0,0,0
609,WISEA J120059.47+521435.3,12h00m59.4707s,+52d14m35.351s,180.2477948,52.2431533,G,34900.6867573213,0.11641616,SLS,18,0,66,8,5,10,1,0,1,1
610,WISEA J121314.49+503711.1,12h13m14.4938s,+50d37m11.127s,183.3103909,50.6197576,G,28487.9581969248,0.0950256,SLS,14,0,70,8,3,10,0,0,1,1
611,WISEA J122147.60+511537.5,12h21m47.6088s,+51d15m37.548s,185.44837,51.26043,G,7152.03115186246,0.023856608,SLS,11,0,36,8,5,4,0,0,0,1
612,WISEA J123249.94+503602.7,12h32m49.9418s,+50d36m02.702s,188.208091,50.6007507,G,9120.585949734,0.030423,SLS,1,0,31,4,1,4,0,0,0,0
613,WISEA J131502.31+554455.3,13h15m02.3119s,+55d44m55.343s,198.7596329,55.7487066,G,33073.3288109035,0.11032075,SLS,16,0,62,8,6,10,0,0,1,1
614,WISEA J131921.97+505006.8,13h19m21.9736s,+50d50m06.886s,199.8415568,50.8352462,G,41202.5220875036,0.13743682,SLS,12,0,55,8,4,8,0,0,0,1
615,WISEA J132808.25+521637.4,13h28m08.2532s,+52d16m37.452s,202.0343887,52.2770702,G,60786.2305682363,0.20276104,SLS,8,0,66,9,6,10,0,0,1,1
616,WISEA J115316.77+511508.2,11h53m16.7726s,+51d15m08.245s,178.3198862,51.2522904,G,23656.6723265356,0.078910165,SLS,9,0,51,6,4,8,0,0,0,1
617,WISEA J120049.37+512424.2,12h00m49.3775s,+51d24m24.280s,180.2057399,51.4067446,G,19549.765978638,0.065211,SLS,5,0,31,6,2,2,0,0,1,0
618,WISEA J120715.15+511946.6,12h07m15.1585s,+51d19m46.651s,181.8131608,51.3296254,G,27774.0594187648,0.09264429,SLS,13,0,52,7,5,8,0,0,0,1
619,WISEA J133454.56+553746.7,13h34m54.5617s,+55d37m46.724s,203.7273407,55.6296456,G,20058.6082144883,0.066908315,SLS,13,0,54,7,4,8,0,0,0,1
620,WISEA J122841.02+503348.7,12h28m41.0283s,+50d33m48.705s,187.1709515,50.5635294,G,29322.70031698,0.09781,SLS,1,0,31,4,1,4,0,0,0,0
621,SDSS J123053.06+513155.2,12h30m53.0659s,+51d31m55.288s,187.7211082615,51.5320246389,G,0.0,0.0,SLS,1,0,5,2,1,4,0,0,0,0
622,WISEA J121302.76+552733.3,12h13m02.7607s,+55d27m33.346s,183.261503,55.459263,G,31929.4107289129,0.10650505,SLS,15,0,57,8,5,8,0,0,0,1
623,WISEA J124335.15+522127.1,12h43m35.2643s,+52d21m28.323s,190.8969349691,52.3578677462,G,5708.647985236,0.019042,SLS,1,0,21,4,1,4,0,0,0,0
624,WISEA J133736.93+520918.1,13h37m36.9368s,+52d09m18.145s,204.4039035,52.1550404,G,20371.3681952591,0.06795157,SLS,7,0,51,8,5,8,0,0,0,1
625,WISEA J133149.78+513313.6,13h31m49.7832s,+51d33m13.640s,202.9574303,51.5537889,G,58855.4292341856,0.19632058,SLS,13,0,40,8,5,4,0,0,0,1
626,WISEA J120624.50+512115.4,12h06m24.5080s,+51d21m15.471s,181.602117,51.3542975,G,25745.4313087819,0.085877515,SLS,16,0,66,9,7,10,0,0,1,1
627,WISEA J125719.60+515515.1,12h57m19.5718s,+51d55m14.918s,194.3315495308,51.9208107953,G,6883.834420596,0.022962,SLS,1,0,31,4,1,4,0,0,0,0
628,WISEA J121318.10+520540.5,12h13m18.1157s,+52d05m40.493s,183.3254821228,52.0945815883,G,0.0,0.0,SLS,1,0,23,5,1,4,0,0,0,0
629,SDSS J121321.27+503828.9,12h13m21.2720s,+50d38m28.965s,183.3386336505,50.6413794153,G,0.0,0.0,SLS,1,0,11,4,1,4,0,0,0,0
630,WISEA J123924.89+504702.9,12h39m24.8996s,+50d47m02.904s,189.8537486,50.7841402,G,35980.134471219,0.12001681,SLS,7,0,51,6,4,8,0,0,0,1
631,WISEA J133555.77+541208.5,13h35m55.7713s,+54d12m08.519s,203.9823804,54.2023666,G,48350.9083626617,0.16128127,SLS,7,0,36,7,5,4,0,0,0,1
632,WISEA J121217.31+525814.9,12h12m17.3151s,+52d58m14.911s,183.0721464,52.9708086,G,9573.20720655816,0.031932782,SLS,16,0,52,8,6,8,0,0,0,1
633,WISEA J125922.42+515311.2,12h59m22.4246s,+51d53m11.219s,194.8434359,51.8864498,G,26616.174006156,0.088782,SLS,1,0,37,5,1,4,0,0,0,0
634,WISEA J131401.08+513225.4,13h14m01.0890s,+51d32m25.496s,198.5045378,51.5404156,G,59177.2084710554,0.19739392,SLS,12,0,50,7,4,6,0,0,1,1
635,WISEA J123327.32+505007.3,12h33m27.3231s,+50d50m07.372s,188.3638466,50.8353811,G,11619.056294706,0.038757,SLS,1,0,16,4,1,0,0,0,0,0
636,WISEA J124840.90+504801.6,12h48m40.9036s,+50d48m01.604s,192.1704318,50.8004458,G,48270.483039954,0.161013,SLS,1,0,16,4,1,0,0,0,0,0
637,WISEA J132629.31+504610.5,13h26m29.3179s,+50d46m10.519s,201.6221579,50.7695888,G,32734.33848902,0.10919,SLS,1,0,36,5,1,4,0,0,0,0
638,WISEA J121210.00+502820.9,12h12m10.0071s,+50d28m20.958s,183.0416965,50.4724884,G,24921.1204673028,0.08312791,SLS,14,0,46,8,4,4,0,0,0,1
639,WISEA J125625.85+505141.4,12h56m25.8565s,+50d51m41.498s,194.1077355,50.8615274,G,45029.726568974,0.150203,SLS,2,0,42,4,1,6,0,0,1,0
640,WISEA J130757.81+550908.3,13h07m57.8173s,+55d09m08.317s,196.9909056,55.1523103,G,51079.6253112268,0.17038329,SLS,16,0,62,8,6,10,0,0,1,1
641,WISEA J130842.31+555601.7,13h08m42.3391s,+55d56m01.788s,197.176413,55.93383,G,0.0,0.0,SLS,1,0,23,4,1,4,0,0,0,0
642,WISEA J123918.95+504224.1,12h39m18.9500s,+50d42m24.164s,189.8289584,50.7067123,G,44322.3033079068,0.14784329,SLS,14,0,63,6,4,10,0,0,1,1
643,WISEA J132042.14+515703.7,13h20m42.1449s,+51d57m03.745s,200.175604,51.9510405,G,25765.363010352,0.085944,SLS,1,0,12,4,2,0,0,0,0,0
644,WISEA J125818.46+512406.0,12h58m18.4675s,+51d24m06.053s,194.5769483,51.4016814,G,36372.919551766,0.121327,SLS,1,0,31,5,2,4,0,0,0,0
645,SDSS J130519.98+535011.4,13h05m19.9827s,+53d50m11.498s,196.3332616177,53.8365272453,G,8738.650358242,0.029149,SLS,1,0,15,2,1,4,0,0,0,0
646,WISEA J124016.97+512159.5,12h40m16.9700s,+51d21m59.561s,190.0707087,51.3665448,G,35366.816062718,0.117971,SLS,1,0,31,7,4,4,0,0,0,0
647,WISEA J130512.92+513916.9,13h05m12.9290s,+51d39m16.931s,196.3038711,51.6547031,G,36507.22657295,0.121775,SLS,1,0,31,4,1,4,0,0,0,0
648,WISEA J131700.20+505232.4,13h17m00.0954s,+50d52m32.606s,199.2503978606,50.8757240017,G,33050.919324668,0.110246,SLS,1,0,31,4,1,4,0,0,0,0
649,WISEA J120901.26+515811.4,12h09m01.2633s,+51d58m11.478s,182.255264,51.969855,G,18450.8707279898,0.06154548,SLS,13,0,52,6,4,8,0,0,0,1
650,2MASX J13132468+5123120,13h13m24.6758s,+51d23m12.120s,198.352816,51.3867,G,37245.5404488895,0.12423775,SLS,14,0,54,7,4,10,0,0,1,1
651,ZTF20aatpoos,12h26m02.8715s,+55d42m08.648s,186.5119648,55.7024024,G,9985.936879751,0.0333095,SLS,2,0,31,8,5,4,0,0,0,0
652,WISEA J120040.24+510957.3,12h00m40.2419s,+51d09m57.357s,180.1676746,51.1659326,G,37370.928644448,0.124656,SLS,1,0,41,4,1,6,0,0,1,0
653,WISEA J122243.53+553700.7,12h22m43.5319s,+55d37m00.755s,185.6813829,55.6168766,G,24214.593585685,0.08077119,SLS,9,0,36,7,5,4,0,0,0,1
654,WISEA J132652.64+514207.7,13h26m52.6486s,+51d42m07.748s,201.7193692,51.7021524,G,27004.405239266,0.090077,SLS,1,0,31,4,1,4,0,0,0,0
655,WISEA J132531.86+560021.1,13h25m31.8643s,+56d00m21.187s,201.3827683,56.0058854,G,11978.507451848,0.039956,SLS,1,0,27,4,2,4,0,0,0,0
656,2MASS J12093713+5528153,12h09m37.1717s,+55d28m15.430s,182.4048821347,55.470952901,G,0.0,0.0,SLS,1,0,11,3,1,4,0,0,0,0
657,WISEA J122742.11+514007.3,12h27m42.1159s,+51d40m07.380s,186.9254833,51.6687167,G,43460.612843802,0.144969,SLS,1,0,31,4,1,4,0,0,0,0
658,WISEA J130118.21+505302.6,13h01m18.1559s,+50d53m02.751s,195.3256497187,50.884097614,G,11378.922535848,0.037956,SLS,1,0,31,4,1,4,0,0,0,0
659,WISEA J122409.36+522130.1,12h24m09.3694s,+52d21m30.109s,186.0390392,52.3583637,G,49741.7085317398,0.16592048,SLS,12,0,57,9,5,8,0,0,0,1
660,WISEA J130408.46+502322.8,13h04m08.4626s,+50d23m22.873s,196.0352609,50.3896872,G,10248.704969188,0.034186,SLS,1,0,31,4,1,4,0,0,0,0
661,WISEA J115514.79+515108.1,11h55m14.7906s,+51d51m08.126s,178.8116277,51.8522573,G,46271.4429466134,0.15434492,SLS,12,0,61,11,8,10,0,0,1,1
662,WISEA J122744.54+515808.2,12h27m44.5422s,+51d58m08.208s,186.9355928,51.9689467,G,6582.543000306,0.021957,SLS,1,0,31,4,1,4,0,0,0,0
663,WISEA J131416.91+542821.2,13h14m16.9179s,+54d28m21.297s,198.5704915,54.4725825,G,36128.0955399026,0.120510355,SLS,16,0,53,6,4,8,0,0,0,1
664,WISEA J111922.47+485248.7,11h19m22.4712s,+48d52m48.797s,169.8436302,48.8802215,G,25485.956439496,0.085012,SLS,1,0,27,3,1,4,0,0,0,0
665,WISEA J115754.15+543307.1,11h57m54.1211s,+54d33m06.760s,179.4755047,54.551878,G,15113.4072059082,0.0504129,SLS,1,0,27,4,2,4,0,0,0,0
666,WISEA J125707.51+504303.8,12h57m07.5170s,+50d43m03.888s,194.281321,50.7177468,G,45219.8039811197,0.15083703,SLS,11,0,57,8,4,8,0,0,0,1
667,WISEA J130731.21+550742.7,13h07m31.2167s,+55d07m42.779s,196.8800697,55.1285499,G,18883.92692942,0.06299,SLS,1,0,12,3,1,0,0,0,0,0
668,WISEA J124755.05+511834.5,12h47m55.0570s,+51d18m34.594s,191.9794044,51.3096095,G,50709.0038870997,0.16914703,SLS,10,0,61,9,4,8,0,0,0,1
669,WISEA J115654.43+515436.9,11h56m54.4387s,+51d54m36.919s,179.2268281,51.9102554,G,27948.15189705,0.093225,SLS,1,0,27,3,1,4,0,0,0,0
670,WISEA J133138.71+512347.6,13h31m38.7141s,+51d23m47.637s,202.9113091,51.3965659,G,26046.868128414,0.086883,SLS,1,0,33,4,1,4,0,0,0,0
671,SDSS J115648.66+544453.0,11h56m48.6630s,+54d44m53.014s,179.2027628241,54.7480596237,G,19482.312675588,0.064986,SLS,1,0,15,2,1,4,0,0,0,0
672,WISEA J120617.99+512340.8,12h06m17.9908s,+51d23m40.836s,181.5749617,51.3946769,G,37448.874683528,0.124916,SLS,1,0,16,4,1,0,0,0,0,0
673,WISEA J133501.27+551537.8,13h35m01.2715s,+55d15m37.860s,203.755298,55.2605169,G,32419.256615662,0.108139,SLS,1,0,41,4,1,6,0,0,1,0
674,WISEA J133736.61+505150.9,13h37m36.6132s,+50d51m50.982s,204.4025551,50.8641619,G,20153.847781508,0.067226,SLS,1,0,31,4,1,4,0,0,0,0
675,WISEA J122713.85+512123.4,12h27m13.8576s,+51d21m23.459s,186.8077401,51.3565166,G,25981.8116660657,0.086665995,SLS,13,0,47,7,6,6,0,0,1,0
676,WISEA J125130.58+551802.7,12h51m30.5893s,+55d18m02.745s,192.8774554,55.3007626,G,25392.121400142,0.084699,SLS,1,0,12,3,1,0,0,0,0,0
677,WISEA J133951.88+510259.1,13h39m51.8891s,+51d02m59.178s,204.9662047,51.0497719,G,19173.826236306,0.063957,SLS,1,0,31,4,1,4,0,0,0,0
678,WISEA J120835.74+505012.2,12h08m35.7487s,+50d50m12.276s,182.1489529,50.8367435,G,28713.4171149637,0.09577765,SLS,11,0,60,8,4,8,0,0,0,1
679,WISEA J123111.49+505324.3,12h31m11.4983s,+50d53m24.366s,187.7979097,50.8901017,G,19764.117586108,0.065926,SLS,1,0,31,4,1,4,0,0,0,0
680,WISEA J120740.48+503134.3,12h07m40.4886s,+50d31m34.371s,181.9187025,50.5262144,G,28214.667392212,0.094114,SLS,1,0,40,6,1,4,0,0,0,0
681,WISEA J124235.07+510401.7,12h42m35.0722s,+51d04m01.757s,190.6461345,51.0671549,G,44656.784751222,0.148959,SLS,1,0,31,4,1,4,0,0,0,0
682,WISEA J124520.58+505439.8,12h45m20.5310s,+50d54m39.725s,191.3355460995,50.9110347264,G,12661.134878714,0.042233,SLS,1,0,31,4,1,4,0,0,0,0
683,HETDEX J125553.42+505941.4,12h55m53.5142s,+50d59m41.240s,193.972976,50.994789,G,18839.557645636,0.062842,SLS,1,0,0,2,1,0,0,0,0,0
684,SDSS J125539.53+513846.4,12h55m39.5332s,+51d38m46.494s,193.9147218154,51.646248326,G,15912.384085724,0.053078,SLS,1,0,19,3,1,4,0,0,0,0
685,WISEA J120852.81+513351.9,12h08m52.8148s,+51d33m51.909s,182.2200618,51.5644192,G,26440.0369433073,0.08819447,SLS,14,0,57,7,3,8,0,0,0,1
686,WISEA J121642.29+553757.2,12h16m42.2967s,+55d37m57.274s,184.1762366,55.6325763,G,18854.247476078,0.062891,SLS,11,0,57,10,7,8,0,0,0,1
687,WISEA J132146.68+502706.6,13h21m46.6853s,+50d27m06.605s,200.4445222,50.4518349,G,35191.13768233,0.117385,SLS,1,0,32,5,2,4,0,0,0,0
688,WISEA J120336.15+514138.9,12h03m36.1527s,+51d41m38.952s,180.9006366,51.6941535,G,25325.7893208849,0.08447774,SLS,14,0,67,7,3,10,0,0,1,1
689,WISEA J125119.89+512023.3,12h51m19.8935s,+51d20m23.307s,192.8328897,51.3398076,G,36605.558499174,0.122103,SLS,1,0,12,3,1,0,0,0,0,0
690,WISEA J121921.88+552951.6,12h19m21.8899s,+55d29m51.694s,184.8412081,55.4976928,G,32598.832298004,0.108738,SLS,12,0,66,11,8,10,0,0,1,1
691,WISEA J124803.02+552103.9,12h48m03.0273s,+55d21m03.910s,192.0126139,55.3510861,G,24629.44938699,0.082155,SLS,1,0,27,4,2,4,0,0,0,0
692,WISEA J130016.14+520912.5,13h00m16.1445s,+52d09m12.590s,195.0672688,52.1534974,G,33056.015796454,0.110263,SLS,1,0,31,6,3,4,0,0,0,0
693,WISEA J125004.93+551722.7,12h50m04.9316s,+55d17m22.715s,192.5205484,55.2896433,G,28767.784477222,0.095959,SLS,2,0,34,6,2,4,0,0,0,0
694,WISEA J115428.68+551334.3,11h54m28.6895s,+55d13m34.378s,178.6195397,55.2262161,G,15675.6080023956,0.0522882,SLS,1,0,27,5,3,4,0,0,0,0
695,WISEA J141242.94+500917.4,14h12m42.9414s,+50d09m17.458s,213.1789228,50.1548497,G,55359.67529428,0.18466,SLS,1,0,37,5,1,4,0,0,0,0
696,WISEA J124446.79+551141.7,12h44m46.7985s,+55d11m41.774s,191.1949938,55.1949374,G,33648.70548592,0.11224,SLS,1,0,27,4,2,4,0,0,0,0
697,WISEA J123136.51+551814.7,12h31m36.5146s,+55d18m14.721s,187.9021444,55.3040894,G,116186.06606019,0.387555,SLS,1,0,27,3,1,4,0,0,0,0
698,2MASS J12483212+5609042,12h48m32.0176s,+56d09m04.517s,192.1334069301,56.1512548116,G,0.0,0.0,SLS,1,0,10,3,1,4,0,0,0,0
699,WISEA J122702.36+552307.4,12h27m02.3631s,+55d23m07.403s,186.7598463,55.3853898,G,56136.1377605,0.18725,SLS,1,0,36,5,1,4,0,0,0,0
700,WISEA J120718.40+543328.8,12h07m18.4074s,+54d33m28.805s,181.8266977,54.5580014,G,48365.817041598,0.161331,SLS,1,0,45,6,2,6,0,0,1,0
701,WISEA J123547.18+514820.7,12h35m47.2106s,+51d48m20.080s,188.9467108989,51.8055777779,G,13366.546532388,0.044586,SLS,1,0,33,5,1,4,0,0,0,0
702,WISEA J132426.25+505342.8,13h24m26.2564s,+50d53m42.855s,201.109402,50.8952376,G,26359.851454566,0.087927,SLS,1,0,16,5,2,0,0,0,0,0
703,WISEA J120022.81+514719.7,12h00m22.8103s,+51d47m19.759s,180.0950431,51.7888221,G,20676.086243344,0.068968,SLS,1,0,31,4,1,4,0,0,0,0
704,WISEA J115130.43+520818.8,11h51m30.4713s,+52d08m18.547s,177.8769641,52.1384854,G,20120.4808809326,0.0671147,SLS,1,0,31,5,2,4,0,0,0,0
705,SDSS J125305.45+515000.2,12h53m05.4569s,+51d50m00.217s,193.2727371938,51.8333936634,G,0.0,0.0,SLS,1,0,9,3,1,4,0,0,0,0
706,WISEA J124336.81+515904.8,12h43m36.8125s,+51d59m04.858s,190.9033855,51.9846829,G,46915.121337336,0.156492,SLS,1,0,36,5,1,4,0,0,0,0
707,2MASX J12015991+5524382,12h01m59.8944s,+55d24m37.800s,180.49956,55.4105,G,51394.320452314,0.171433,SLS,3,0,30,5,3,6,0,0,1,0
708,WISEA J130902.11+511825.6,13h09m02.1193s,+51d18m25.663s,197.2588305,51.3071288,G,45558.860257344,0.151968,SLS,1,0,36,8,4,4,0,0,0,0
709,WISEA J132627.83+514746.4,13h26m27.8603s,+51d47m46.954s,201.6160849455,51.7963763045,G,23473.449668942,0.078299,SLS,1,0,31,4,1,4,0,0,0,0
710,WISEA J120018.98+511516.3,12h00m18.9856s,+51d15m16.339s,180.0791069,51.2545386,G,32367.392520428,0.107966,SLS,1,0,16,5,2,0,0,0,0,0
711,WISEA J130248.83+512609.9,13h02m48.8335s,+51d26m09.913s,195.703473,51.4360872,G,35234.2598294887,0.11752884,SLS,13,0,63,8,7,10,0,0,1,1
712,SDSS J124233.63+514223.1,12h42m33.6392s,+51d42m23.116s,190.6401633265,51.7064211943,G,41644.470133238,0.138911,SLS,1,0,19,3,1,4,0,0,0,0
713,WISEA J122813.18+512705.7,12h28m13.1804s,+51d27m05.794s,187.0549185,51.4516096,G,26377.23941713,0.087985,SLS,1,0,12,3,1,0,0,0,0,0
714,WISEA J124505.96+560228.4,12h45m05.9631s,+56d02m28.474s,191.2748466,56.0412428,G,34729.157504552,0.115844,SLS,1,0,27,3,1,4,0,0,0,0
715,WISEA J125114.90+551921.7,12h51m14.8028s,+55d19m20.910s,192.8116783144,55.3224752405,G,19156.7380662,0.0639,SLS,1,0,27,3,1,4,0,0,0,0
716,WISEA J120048.75+512658.0,12h00m48.7553s,+51d26m58.083s,180.2031471,51.4494676,G,19668.183999548,0.065606,SLS,1,0,31,4,1,4,0,0,0,0
717,GALEXASC J125722.45+520044.5,12h57m22.4500s,+52d00m43.700s,194.343541666667,52.0121388888889,G,425405.497902,1.419,SLS,3,0,3,4,2,0,0,0,0,0
718,WISEA J123510.43+514049.3,12h35m10.4763s,+51d40m49.021s,188.7936514858,51.6802837901,G,26093.635751862,0.087039,SLS,1,0,33,5,1,4,0,0,0,0
719,WISEA J120630.83+512001.2,12h06m30.8380s,+51d20m01.229s,181.6284918,51.3336749,G,25463.472005146,0.084937,SLS,1,0,39,4,1,6,0,0,1,0
720,WISEA J132709.66+555127.5,13h27m09.6624s,+55d51m27.513s,201.79026,55.8576427,G,75893.659912532,0.253154,SLS,1,0,33,4,1,4,0,0,0,0
721,GALEXASC J122935.87+520925.7,12h29m36.1010s,+52d09m27.457s,187.400421,52.157627,G,10022.661455856,0.033432,SLS,1,0,4,3,1,0,0,0,0,0
722,WISEA J120558.69+552940.1,12h05m58.6929s,+55d29m40.036s,181.4945541,55.4944546,G,31486.302486366,0.105027,SLS,1,0,27,4,2,4,0,0,0,0
723,WISEA J123726.45+561251.4,12h37m26.4575s,+56d12m51.408s,189.3602397,56.2142802,G,75262.8965809,0.25105,SLS,1,0,37,5,1,4,0,0,0,0
724,WISEA J125102.29+514456.4,12h51m02.3378s,+51d44m56.208s,192.7597410672,51.7489468049,G,47904.436448736,0.159792,SLS,1,0,27,3,1,4,0,0,0,0
725,SDSS J124858.02+512255.7,12h48m58.0222s,+51d22m55.708s,192.2417595584,51.3821411034,G,83704.452613264,0.279208,SLS,1,0,15,2,1,4,0,0,0,0
726,WISEA J125842.66+512625.5,12h58m42.7036s,+51d26m26.147s,194.6779320172,51.4405965291,G,111027.837027842,0.370349,SLS,1,0,27,3,1,4,0,0,0,0
727,WISEA J124841.71+555335.7,12h48m41.7133s,+55d53m35.751s,192.1738057,55.8932643,G,55112.34651643,0.183835,SLS,1,0,18,4,1,0,0,0,0,0
728,WISEA J124658.95+504458.4,12h46m58.9595s,+50d44m58.418s,191.7456646,50.7495608,G,81587.01848241,0.272145,SLS,1,0,12,3,1,0,0,0,0,0
729,WISEA J140542.88+520625.1,14h05m42.8847s,+52d06m25.106s,211.4286865,52.106974,*,0.0,0.0,SLS,1,0,23,6,3,4,0,0,0,0
730,2MASX J11453136+5204526,11h45m31.3624s,+52d04m52.496s,176.380677,52.081249,G,21721.46254439,0.072455,SLS,17,0,54,8,7,10,0,0,1,1
731,WISEA J114406.35+521254.4,11h44m06.3534s,+52d12m54.460s,176.0264728,52.2151278,*,0.0,0.0,SLS,1,0,23,4,1,4,0,0,0,0
732,WISEA J141929.34+544429.8,14h19m29.3496s,+54d44m29.868s,214.87229,54.74163,G,9934.63519516821,0.033138376,SLS,22,0,66,12,9,10,0,1,1,1
733,WISEA J135514.88+520838.1,13h55m14.8800s,+52d08m38.164s,208.8120002,52.1439345,*,0.0,0.0,SLS,1,0,27,6,1,4,0,0,0,0
734,MCG +09-23-048,14h10m07.6649s,+54d55m11.606s,212.5319373,54.9198907,G,11853.9412872093,0.039540492,SLS,34,0,83,21,16,11,0,1,2,1
735,WISEA J113023.45+513907.0,11h30m23.4598s,+51d39m07.060s,172.5977493,51.6519613,G,1553.06583489526,0.00518047,SLS,12,0,38,15,11,4,0,0,0,1
736,SDSS J142026.14+521649.3,14h20m26.1268s,+52d16m49.189s,215.1088618,52.2803305,G,71533.178610922,0.238609,SLS,2,0,0,3,3,0,0,0,0,0
737,WISEA J112740.47+502616.5,11h27m40.4747s,+50d26m16.535s,171.9186447,50.4379266,G,17608.5198753506,0.0587357,SLS,12,0,41,9,5,4,0,0,0,1
738,WISEA J115016.27+512701.2,11h50m16.2715s,+51d27m01.223s,177.5677982,51.4503399,G,24935.087797921,0.0831745,SLS,20,0,67,15,12,10,0,0,1,1
739,WISEA J113227.21+514441.0,11h32m27.2122s,+51d44m41.085s,173.1133845,51.7447459,G,23588.8397860262,0.0786839,SLS,17,0,68,12,9,10,0,0,1,1
740,WISEA J112326.34+514308.3,11h23m26.3489s,+51d43m08.375s,170.8597873,51.7189931,G,24015.8941424472,0.0801084,SUN,29,0,66,22,20,10,0,0,1,1
741,WISEA J112035.33+503654.9,11h20m35.3375s,+50d36m54.955s,170.1472399,50.6152653,*,0.0,0.0,SLS,1,0,27,5,1,4,0,0,0,0
742,2MASX J11335275+5128251,11h33m52.8043s,+51d28m26.065s,173.470018,51.473907,G,16395.4696525452,0.0546894,SLS,15,0,55,10,7,10,0,0,1,1
743,WISEA J114920.32+504310.4,11h49m20.3269s,+50d43m10.430s,177.3346955,50.7195641,G,4155.26167220314,0.013860461,SLS,13,0,51,9,7,8,0,0,0,1
744,WISEA J134659.48+513942.4,13h46m59.4853s,+51d39m42.468s,206.7478558,51.6617967,G,0.0,0.0,SLS,1,0,18,4,1,0,0,0,0,0
745,WISEA J141136.53+512742.8,14h11m36.5370s,+51d27m42.868s,212.9022375,51.4619078,*,0.0,0.0,SLS,1,0,23,4,1,4,0,0,0,0
746,2MASX J11285247+5100025,11h28m52.4076s,+51d00m02.512s,172.218365,51.000698,G,17810.9598290869,0.059410967,SLS,24,0,50,12,11,10,0,0,1,1
747,WISEA J113035.30+512148.7,11h30m35.3051s,+51d21m48.742s,172.6471047,51.3635395,G,10154.120448689,0.0338705,SLS,14,0,53,11,8,8,0,0,0,1
748,WISEA J141523.58+512636.2,14h15m23.5898s,+51d26m36.251s,213.8482911,51.4434033,G,22552.2204226784,0.07522611,SLS,21,0,48,9,8,6,0,0,1,1
749,WISEA J134044.40+552534.1,13h40m44.4028s,+55d25m34.161s,205.1850119,55.4261559,*,0.0,0.0,SLS,1,0,27,5,1,3,0,0,0,0
750,WISEA J114902.85+520652.3,11h49m02.8573s,+52d06m52.361s,177.2619054,52.1145449,G,28618.3079576632,0.0954604,SLS,19,0,67,10,7,10,0,0,1,1
751,WISEA J141635.47+543800.7,14h16m35.4718s,+54d38m00.715s,214.1477994,54.6335322,G,13026.0944224793,0.043450374,SLS,18,0,66,14,10,10,0,0,1,1
752,WISEA J112214.94+504432.4,11h22m14.9412s,+50d44m32.450s,170.5622551,50.7423473,G,14548.8680282484,0.0485298,SLS,25,0,66,16,13,10,0,0,1,1
753,WISEA J114852.88+504456.0,11h48m52.8826s,+50d44m56.076s,177.2203445,50.74891,G,16734.8592979828,0.055821482,SLS,13,0,36,6,4,4,0,0,0,1
754,WISEA J112033.67+504910.5,11h20m33.6759s,+50d49m10.538s,170.1403165,50.819594,G,8770.42835879,0.029255,SLS,4,0,29,5,1,2,0,0,1,0
755,WISEA J113946.77+505739.9,11h39m46.7713s,+50d57m39.981s,174.9448808,50.961106,*,0.0,0.0,SLS,1,0,23,4,1,4,0,0,0,0
756,WISEA J111754.84+513856.3,11h17m54.8435s,+51d38m56.337s,169.4785149,51.6489826,*,0.0,0.0,SLS,1,0,23,4,1,4,0,0,0,0
757,WISEA J111957.61+514222.2,11h19m57.6196s,+51d42m22.276s,169.990082,51.7061878,G,23935.7146495551,0.07984095,SLS,22,0,67,10,8,10,0,0,1,1
758,2MASX J11494036+5149034,11h49m40.4126s,+51d49m03.334s,177.418386,51.817593,G,20195.5489124158,0.0673651,SLS,18,0,39,8,8,6,0,0,1,1
759,WISEA J113416.89+502330.3,11h34m16.8998s,+50d23m30.385s,173.570416,50.3917737,G,19717.3799419058,0.0657701,SLS,15,0,51,10,8,8,0,0,0,1
760,2MASX J11500536+5128211,11h50m05.3376s,+51d28m21.619s,177.52224,51.472672,G,39709.609609306,0.132457,SLS,17,0,54,8,7,10,0,0,1,1
761,WISEA J135309.34+514845.4,13h53m09.3452s,+51d48m45.404s,208.2889384,51.8126123,G,20257.586464712,0.067572035,SLS,33,0,69,24,20,10,0,0,1,1
762,WISEA J113654.99+520428.8,11h36m54.9983s,+52d04m28.844s,174.2291598,52.0746789,G,17448.4007235328,0.0582016,SLS,23,0,68,16,12,10,0,0,1,1
763,WISEA J140810.35+550415.9,14h08m10.3564s,+55d04m15.924s,212.0431517,55.0710902,G,0.0,0.0,SLS,1,0,22,6,2,0,0,0,0,0
764,WISEA J112718.40+505714.3,11h27m18.4065s,+50d57m14.323s,171.8266939,50.9539786,G,10105.4239605662,0.033708066,SLS,13,0,51,10,8,8,0,0,0,1
765,WISEA J141612.67+531331.3,14h16m12.6776s,+53d13m31.354s,214.0528237,53.2253762,*,0.0,0.0,SLS,1,0,23,4,1,4,0,0,0,0
766,WISEA J112803.87+503758.6,11h28m03.8720s,+50d37m58.620s,172.0161336,50.6329502,G,17702.8645618832,0.0590504,SLS,3,0,16,5,2,0,0,0,0,0
767,WISEA J113652.87+505244.6,11h36m52.8754s,+50d52m44.649s,174.2203144,50.8790694,G,25204.3793712441,0.08407276,SLS,19,0,52,8,5,6,0,0,1,1
768,WISEA J113429.13+540735.1,11h34m29.1374s,+54d07m35.193s,173.6214062,54.1264425,G,20443.2374412154,0.0681913,SLS,15,0,73,11,6,10,0,0,1,1
769,WISEA J115033.61+514508.3,11h50m33.6149s,+51d45m08.340s,177.6400621,51.7523169,G,20159.9035891596,0.0672462,SLS,16,0,64,11,8,10,0,0,1,1
770,WISEA J140022.67+515135.9,14h00m22.6755s,+51d51m35.966s,210.0944813,51.8599908,G,20800.753438041,0.069383845,SLS,16,0,67,11,7,10,0,0,1,1
771,WISEA J111756.96+514045.4,11h17m56.9661s,+51d40m45.433s,169.4873591,51.6792872,G,24398.3693603636,0.0813842,SLS,19,0,56,15,12,8,0,0,0,1
772,WISEA J123251.51+561114.1,12h32m51.5116s,+56d11m14.127s,188.214632,56.1872576,G,24298.7483265702,0.0810519,SLS,21,0,66,10,8,10,0,0,1,1
773,WISEA J113452.77+513622.2,11h34m52.7721s,+51d36m22.221s,173.719884,51.6061726,G,17481.7676241082,0.0583129,SLS,16,0,68,9,5,10,0,0,1,1
774,WISEA J140556.66+515504.4,14h05m56.6691s,+51d55m04.471s,211.4861214,51.9179087,G,25282.4213439106,0.08433308,SLS,15,0,64,11,8,10,0,0,1,1
775,WISEA J140104.90+510410.7,14h01m04.9094s,+51d04m10.798s,210.270456,51.0696661,G,12184.0805365628,0.040641718,SLS,17,0,49,13,10,8,0,0,0,1
776,WISEA J111903.78+513605.1,11h19m03.7868s,+51d36m05.116s,169.7657787,51.6014212,G,32242.079272984,0.107548,SLS,17,0,56,11,8,8,0,0,0,1
777,WISEA J114913.71+521515.6,11h49m13.7171s,+52d15m15.656s,177.3071546,52.2543489,G,15811.204131149,0.0527405,SLS,20,0,63,8,6,10,1,0,1,1
778,WISEA J140829.62+545752.0,14h08m29.6243s,+54d57m52.038s,212.1234349,54.964455,G,12596.1998323112,0.0420164,SLS,17,0,52,14,12,8,0,0,0,1
779,WISEA J113057.64+512329.5,11h30m57.6487s,+51d23m29.585s,172.7402031,51.3915515,G,24123.7594688356,0.0804682,SLS,21,0,68,12,9,10,1,0,1,1
780,WISEA J114958.16+504517.8,11h49m58.1698s,+50d45m17.822s,177.4923745,50.7549507,G,19583.2468003474,0.06532268,SLS,14,0,55,13,10,8,0,0,0,1
781,WISEA J135323.95+553044.4,13h53m23.9527s,+55d30m44.490s,208.349803,55.5123585,G,20460.4365345309,0.06824867,SLS,14,0,70,10,6,10,0,0,1,1
782,WISEA J112021.72+504324.9,11h20m21.7205s,+50d43m24.983s,170.0905024,50.7236064,G,7825.782323632,0.026104,SLS,3,0,31,4,1,4,0,0,0,0
783,WISEA J134605.10+511350.8,13h46m05.1062s,+51d13m50.809s,206.5212759,51.2307805,*,0.0,0.0,SLS,1,0,23,4,1,4,0,0,0,0
784,WISEA J113404.95+514757.1,11h34m04.9573s,+51d47m57.157s,173.5206556,51.7992105,G,20612.0205950694,0.0687543,SLS,12,0,68,10,6,10,0,0,1,0
785,WISEA J140648.54+520327.3,14h06m48.5467s,+52d03m27.318s,211.7022779,52.0575884,G,22723.8066360147,0.07579846,SLS,19,0,64,9,7,10,0,0,1,1
786,WISEA J112029.48+505226.2,11h20m29.4834s,+50d52m26.248s,170.1228475,50.8739578,G,8783.42496142921,0.029298352,SLS,13,0,52,6,4,8,0,0,0,1
787,WISEA J114911.71+515024.1,11h49m11.7154s,+51d50m24.141s,177.2988143,51.8400394,G,15937.566652196,0.053162,SLS,12,0,52,11,8,8,0,0,0,1
788,WISEA J140201.85+551300.2,14h02m01.8525s,+55d13m00.245s,210.5077188,55.2167349,G,20515.1786373617,0.06843127,SLS,21,0,67,8,6,10,0,0,1,1
789,WISEA J114841.19+510520.2,11h48m41.1907s,+51d05m20.211s,177.1716279,51.0889475,G,0.0,0.0,SLS,1,0,23,4,1,4,0,0,0,0
790,WISEA J110540.80+501554.5,11h05m40.8039s,+50d15m54.508s,166.4200165,50.2651411,G,0.0,0.0,SLS,1,0,27,5,1,4,0,0,0,0
791,WISEA J113453.82+513200.0,11h34m53.8205s,+51d32m00.083s,173.7242522,51.5333564,G,17524.4580701274,0.0584553,SLS,21,0,68,10,7,10,1,0,1,1
792,WISEA J114446.37+511111.5,11h44m46.3703s,+51d11m11.526s,176.1932099,51.186535,G,18137.3621654514,0.060499728,SLS,14,0,51,12,11,8,0,0,0,1
793,WISEA J114714.77+503005.2,11h47m14.7705s,+50d30m05.211s,176.8115441,50.5014477,G,5655.15421820031,0.018863564,SLS,19,0,55,15,10,8,0,0,0,1
794,WISEA J114826.98+514321.3,11h48m26.9836s,+51d43m21.326s,177.1124318,51.7225906,G,38998.202106472,0.130084,SLS,20,0,63,8,9,10,0,0,1,1
795,WISEA J134756.51+553826.3,13h47m56.5160s,+55d38m26.365s,206.9854837,55.6406571,G,0.0,0.0,SLS,1,0,23,4,1,4,0,0,0,0
796,WISEA J113123.29+510805.6,11h31m23.2965s,+51d08m05.678s,172.8470691,51.1349107,G,35915.436260858,0.119801,SLS,19,0,68,11,7,10,0,0,1,1
797,WISEA J141441.85+544319.2,14h14m41.8584s,+54d43m19.206s,213.67441,54.7220017,G,10983.4908874818,0.036636982,SLS,16,0,51,10,8,6,0,0,1,1
798,2MASX J14152504+5225276,14h15m24.9680s,+52d25m27.992s,213.8540336,52.4244424,G,22667.1038905086,0.07560932,SLS,18,0,60,9,7,10,0,0,1,1
799,WISEA J135914.09+511438.6,13h59m14.0978s,+51d14m38.636s,209.8087411,51.2440658,G,32325.7273646152,0.10782702,SLS,18,0,64,9,7,10,0,0,1,1
800,SDSS J111428.69+514017.5,11h14m28.6952s,+51d40m17.549s,168.6195633508,51.6715414107,G,34335.23021474,0.11453,SLS,2,0,15,2,1,4,0,0,0,0
801,WISEA J112253.58+504045.7,11h22m53.5831s,+50d40m45.754s,170.7232633,50.6793762,G,34388.80012906,0.11470869,SLS,13,0,52,6,3,8,0,0,0,1
802,WISEA J113345.41+504802.2,11h33m45.4174s,+50d48m02.267s,173.4392395,50.8006299,G,-2.9454159309813,-9.82485e-06,SLS,1,0,23,5,2,4,0,0,0,0
803,WISEA J141148.70+545448.1,14h11m48.7001s,+54d54m48.145s,212.9529171,54.9133738,G,47512.7875816048,0.1584856,SLS,13,0,54,7,4,8,0,0,0,1
804,WISEA J114822.62+515533.8,11h48m22.6241s,+51d55m33.830s,177.0942673,51.9260639,G,25142.7240543318,0.0838671,SLS,14,0,57,8,5,8,0,0,0,1
805,2MASX J10490235+5021337,10h49m02.3126s,+50d21m32.994s,162.259636,50.359165,G,39647.1268652096,0.13224858,SLS,13,0,35,6,5,6,0,0,1,1
806,WISEA J111948.06+514324.1,11h19m48.0685s,+51d43m24.118s,169.9502857,51.7233662,G,23864.446487477,0.079603225,SLS,16,0,67,11,8,10,0,0,1,1
807,WISEA J135530.93+505323.0,13h55m30.9308s,+50d53m23.014s,208.8788787,50.8897263,G,19139.510492601,0.063842535,SLS,11,0,47,9,8,8,0,0,0,1
808,WISEA J134418.28+521656.2,13h44m18.2825s,+52d16m56.284s,206.0761774,52.2823013,G,13990.9770481372,0.046668876,SLS,12,0,51,7,5,8,0,0,0,1
809,WISEA J135433.69+521647.1,13h54m33.6987s,+52d16m47.178s,208.6404116,52.2797717,G,26078.3643240515,0.08698806,SLS,13,0,38,8,6,4,0,0,0,1
810,WISEA J134311.83+514645.6,13h43m11.8399s,+51d46m45.605s,205.7993329,51.7793349,G,20596.4223934797,0.06870227,SLS,14,0,38,11,9,4,0,0,0,1
811,WISEA J140729.37+545846.6,14h07m29.3700s,+54d58m46.607s,211.8723751,54.9796131,G,23151.9132639633,0.07722647,SLS,14,0,51,8,6,8,0,0,0,1
812,WISEA J141153.15+550632.4,14h11m53.1551s,+55d06m32.474s,212.9714796,55.1090206,G,12081.1953624867,0.04029853,SLS,14,0,64,9,6,10,0,0,1,1
813,WISEA J105904.13+501642.9,10h59m04.1356s,+50d16m42.973s,164.7672318,50.2786038,G,20140.3631167472,0.06718102,SLS,16,0,66,9,7,10,1,0,1,1
814,WISEA J134439.08+505528.4,13h44m39.0885s,+50d55m28.445s,206.1628688,50.9245682,G,18904.462712793,0.0630585,SLS,16,0,62,8,7,10,0,0,1,1
815,WISEA J113625.56+510210.3,11h36m25.5614s,+51d02m10.380s,174.1065059,51.0362168,G,34442.0312779025,0.11488625,SLS,14,0,68,9,5,10,0,0,1,1
816,WISEA J111453.60+515026.5,11h14m53.6094s,+51d50m26.512s,168.7233728,51.8406978,G,23340.9132220149,0.077856906,SLS,14,0,57,8,5,8,0,0,0,1
817,WISEA J111602.69+503220.2,11h16m02.6946s,+50d32m20.267s,169.0112278,50.5389632,G,32094.881176106,0.107057,SLS,21,0,63,8,8,10,1,0,1,1
818,WISEA J113426.23+541138.5,11h34m26.2355s,+54d11m38.527s,173.6093146,54.1940354,G,21050.8567950898,0.0702181,SLS,20,0,67,11,9,10,1,0,1,1
819,WISEA J112331.37+520723.9,11h23m31.3714s,+52d07m23.958s,170.8807143,52.1233219,G,20851.764623732,0.069554,SLS,11,0,51,7,5,8,0,0,0,1
820,WISEA J114128.83+513455.6,11h41m28.8394s,+51d34m55.654s,175.3701643,51.5821263,G,21949.4247294532,0.0732154,SLS,14,0,56,11,8,8,0,0,0,1
821,WISEA J114726.86+505228.6,11h47m26.8694s,+50d52m28.601s,176.8619561,50.8746115,G,0.0,0.0,SLS,1,0,23,4,1,4,0,0,0,0
822,2MASX J13484989+5110083,13h48m50.0683s,+51d10m08.324s,207.208618,51.168979,G,42611.900395204,0.142138,SLS,2,0,9,5,4,2,0,0,1,0
823,WISEA J113630.74+515643.6,11h36m30.7495s,+51d56m43.657s,174.1281233,51.9454605,G,0.0,0.0,SLS,1,0,23,4,1,4,0,0,0,0
824,WISEA J134401.05+553401.3,13h44m01.0582s,+55d34m01.307s,206.0044093,55.5670299,G,11939.5629125915,0.039826095,SLS,11,0,51,10,8,8,0,0,0,1
825,WISEA J141916.12+520721.0,14h19m16.1229s,+52d07m21.019s,214.817179,52.1225053,G,14012.29948692,0.04674,SLS,15,0,53,11,7,4,0,0,0,1
826,WISEA J111800.27+511657.4,11h18m00.2786s,+51d16m57.474s,169.5011612,51.2826317,G,29124.6891972257,0.097149506,SLS,14,0,51,7,4,8,0,0,0,1
827,WISEA J134727.38+554548.2,13h47m27.3825s,+55d45m48.232s,206.8640941,55.7633979,G,20831.8494107471,0.06948757,SLS,13,0,51,9,7,8,0,0,0,1
828,WISEA J134617.15+504531.1,13h46m17.1548s,+50d45m31.179s,206.5714786,50.7586609,G,13193.33064725,0.044008214,SLS,12,0,64,8,5,10,0,0,1,1
829,WISEA J111520.84+505454.0,11h15m20.8446s,+50d54m54.070s,168.8368527,50.9150197,G,0.0,0.0,SLS,1,0,23,4,1,4,0,0,0,0
830,WISEA J112147.06+521154.5,11h21m47.0674s,+52d11m54.517s,170.4461142,52.1984772,G,14589.8196780112,0.0486664,SLS,9,0,56,10,7,8,0,0,0,1
831,WISEA J113405.12+502421.5,11h34m05.1225s,+50d24m21.549s,173.5213438,50.4059859,G,9184.5017017796,0.0306362,SLS,11,0,56,13,10,8,0,0,0,0
832,WISEA J111244.16+512323.5,11h12m44.1614s,+51d23m23.583s,168.184006,51.3898842,G,31422.446692812,0.104814,SLS,16,0,68,10,5,10,1,0,1,1
833,SDSS J112053.18+513649.9,11h20m53.2224s,+51d36m50.191s,170.22176,51.613942,G,14382.7320417985,0.04797563,SLS,6,0,24,5,4,4,0,0,0,1
834,WISEA J114603.57+511733.7,11h46m03.5748s,+51d17m33.718s,176.5148952,51.2926995,G,38675.625421664,0.129008,SUN,23,0,62,12,12,10,1,0,1,1
835,WISEA J140048.66+551634.7,14h00m48.6660s,+55d16m34.772s,210.2027752,55.2763256,G,20741.1322129563,0.06918497,SLS,14,0,61,10,6,8,0,0,0,1
836,WISEA J134328.58+521249.7,13h43m28.5863s,+52d12m49.733s,205.8691096,52.2138149,G,31618.9336677098,0.10546941,SLS,13,0,47,5,4,8,0,0,0,1
837,WISEA J141454.05+502707.4,14h14m54.0583s,+50d27m07.497s,213.7252429,50.4520827,G,21939.8208780612,0.073183365,SLS,17,0,57,10,7,8,0,0,0,1
838,WISEA J112031.90+504126.8,11h20m31.9029s,+50d41m26.822s,170.132929,50.690784,G,36528.568798035,0.12184619,SLS,16,0,47,8,7,6,1,0,1,1
839,WISEA J114606.85+513207.2,11h46m06.8560s,+51d32m07.295s,176.528567,51.5353599,G,28770.4526300982,0.0959679,SLS,12,0,56,8,5,8,0,0,0,1
840,WISEA J140600.58+551330.7,14h06m00.5882s,+55d13m30.794s,211.5024512,55.2252208,G,12457.1848703668,0.041552696,SLS,14,0,51,9,7,6,0,0,1,1
841,WISEA J111453.55+520951.6,11h14m53.5537s,+52d09m51.632s,168.7231407,52.1643424,G,11079.6319304227,0.036957674,SLS,9,0,32,7,6,4,0,0,0,1
842,WISEA J141600.06+543856.3,14h16m00.0684s,+54d38m56.316s,214.000285,54.6489768,G,12455.3933106378,0.04154672,SLS,12,0,51,8,6,8,0,0,0,1
843,WISEA J140014.34+502324.9,14h00m14.3420s,+50d23m24.974s,210.0597586,50.3902707,G,45021.3113946779,0.15017493,SLS,15,0,66,13,11,10,0,1,1,1
844,WISEA J111608.74+514603.4,11h16m08.7405s,+51d46m03.410s,169.0364188,51.7676141,G,34251.4082434832,0.1142504,SLS,14,0,62,7,6,10,1,0,1,1
845,WISEA J113427.06+502006.1,11h34m27.0653s,+50d20m06.197s,173.6127724,50.3350549,G,48663.81074485,0.162325,SLS,10,0,57,11,8,8,0,0,0,1
846,WISEA J114148.41+542217.6,11h41m48.4152s,+54d22m17.652s,175.45173,54.37157,G,18926.4704771348,0.06313191,SLS,14,0,66,10,8,10,0,0,1,1
847,WISEA J112922.87+514101.6,11h29m22.8717s,+51d41m01.683s,172.3452988,51.683801,G,23953.2974772168,0.0798996,SLS,13,0,67,10,7,10,0,0,1,1
848,WISEA J114522.50+513101.8,11h45m22.5093s,+51d31m01.800s,176.3437889,51.5171669,G,20848.8866161352,0.0695444,SLS,11,0,51,8,6,8,0,0,0,1
849,WISEA J134109.85+555733.7,13h41m09.8519s,+55d57m33.786s,205.2910496,55.9593851,G,0.0,0.0,SLS,1,0,23,4,1,4,0,0,0,0
850,WISEA J111745.36+514335.6,11h17m45.3639s,+51d43m35.681s,169.4390166,51.7265783,G,31592.12922404,0.10538,SLS,6,0,42,6,3,6,0,0,1,0
851,WISEA J112508.94+520705.2,11h25m08.9449s,+52d07m05.255s,171.2872707,52.1181264,G,10238.6948990154,0.03415261,SLS,13,0,52,6,3,8,0,0,0,1
852,WISEA J114822.02+505119.3,11h48m22.0224s,+50d51m19.338s,177.0917603,50.8553717,G,22603.9855864012,0.07539878,SLS,12,0,57,9,6,8,0,0,0,1
853,WISEA J135233.86+504915.6,13h52m33.8680s,+50d49m15.633s,208.1411168,50.8210094,G,43013.8921021362,0.1434789,SLS,11,0,38,9,7,4,0,0,0,1
854,WISEA J114246.63+511208.8,11h42m46.6366s,+51d12m08.848s,175.6943192,51.202458,G,0.0,0.0,SLS,1,0,29,6,1,4,0,0,0,0
855,WISEA J123700.60+561237.4,12h37m00.6036s,+56d12m37.400s,189.2525152,56.2103891,G,36283.581399282,0.121029,SLS,2,0,35,6,2,4,0,0,0,0
856,WISEA J113709.62+503900.8,11h37m09.6268s,+50d39m00.892s,174.290112,50.650248,G,53462.9903419497,0.17833334,SLS,10,0,66,11,8,10,0,0,1,0
857,WISEA J112405.99+512421.7,11h24m05.9977s,+51d24m21.785s,171.0249905,51.4060515,G,14703.7108328054,0.0490463,SLS,11,0,32,7,6,4,0,0,0,1
858,WISEA J113543.43+513413.7,11h35m43.4339s,+51d34m13.788s,173.9309746,51.5704967,G,25223.1283915674,0.0841353,SLS,11,0,53,11,7,8,0,0,0,1
859,WISEA J134419.58+521532.7,13h44m19.5895s,+52d15m32.786s,206.0816233,52.2591074,G,42161.7080568746,0.14063632,SLS,19,0,62,10,9,10,1,0,1,1
860,WISEA J115005.28+503142.4,11h50m05.2837s,+50d31m42.471s,177.5220158,50.5284642,G,21156.2338440768,0.0705696,SLS,15,0,65,9,7,10,0,0,1,1
861,WISEA J113013.69+521418.4,11h30m13.6915s,+52d14m18.400s,172.557048,52.2384445,G,14517.84250677,0.04842631,SLS,10,0,53,7,5,8,0,0,0,1
862,WISEA J113312.17+513704.9,11h33m12.1714s,+51d37m04.982s,173.3007145,51.6180508,G,9203.6284606,0.0307,SLS,12,0,59,11,7,8,0,0,0,1
863,WISEA J113941.30+511243.6,11h39m41.3048s,+51d12m43.691s,174.9221034,51.2121364,G,32518.48791926,0.10847,SLS,13,0,55,10,7,8,0,0,0,1
864,WISEA J113334.59+502935.6,11h33m34.5921s,+50d29m35.610s,173.3941339,50.493225,G,9981.56590571336,0.03329492,SLS,11,0,51,7,5,8,0,0,0,1
865,WISEA J111435.78+514657.9,11h14m35.7883s,+51d46m57.907s,168.649118,51.7827522,G,31771.704906382,0.105979,SLS,7,0,51,9,7,8,0,0,0,1
866,WISEA J112324.45+504914.0,11h23m24.4800s,+50d49m14.008s,170.852,50.820558,G,-50.7097263869235,-0.00016914944,SLS,1,0,21,5,2,4,0,0,0,1
867,WISEA J113217.37+511150.1,11h32m17.3764s,+51d11m50.177s,173.072402,51.1972715,G,33355.508461996,0.111262,SLS,12,0,38,8,5,4,0,0,0,1
868,WISEA J140853.19+515653.9,14h08m53.1978s,+51d56m53.926s,212.2216575,51.9483128,G,52988.3859037653,0.17675023,SLS,12,0,49,8,5,6,0,0,1,1
869,WISEA J113547.73+514025.5,11h35m47.7354s,+51d40m25.547s,173.9488978,51.6737632,G,16965.8248038902,0.0565919,SLS,13,0,69,9,4,10,0,0,1,1
870,WISEA J112416.35+511648.0,11h24m16.3530s,+51d16m48.013s,171.0681378,51.2800038,G,51902.768461082,0.173129,SLS,15,0,37,8,6,4,0,0,0,1
871,WISEA J111435.29+513643.0,11h14m35.2969s,+51d36m43.038s,168.6470706,51.6119552,G,34125.2915522518,0.11382972,SLS,14,0,60,9,5,8,0,0,0,1
872,WISEA J135039.74+553213.5,13h50m39.7404s,+55d32m13.553s,207.6655852,55.5370981,G,20273.165179792,0.067624,SLS,15,0,66,8,6,10,0,0,1,1
873,WISEA J141144.99+545411.3,14h11m44.9957s,+54d54m11.310s,212.9374821,54.9031419,G,24440.9338935504,0.08152618,SLS,12,0,49,6,4,8,0,0,0,1
874,WISEA J114428.27+514623.6,11h44m28.2728s,+51d46m23.614s,176.1178035,51.7732262,G,42203.0224555115,0.14077413,SLS,8,0,51,7,5,8,0,0,0,1
875,WISEA J135247.69+504812.6,13h52m47.6905s,+50d48m12.699s,208.1987104,50.8035276,G,43001.330798146,0.143437,SLS,2,0,33,7,4,4,0,0,0,1
876,WISEA J140024.38+502530.7,14h00m24.3895s,+50d25m30.756s,210.1016233,50.42521,G,37740.3628904414,0.1258883,SLS,12,0,66,9,6,10,0,0,1,1
877,WISEA J141617.96+505153.0,14h16m17.9602s,+50d51m53.075s,214.0748342,50.8647431,G,22143.834142617,0.07386388,SLS,10,0,32,7,6,4,0,0,0,1
878,WISEA J113550.22+515011.0,11h35m50.2273s,+51d50m11.075s,173.9592806,51.8364099,G,22564.0802123169,0.07526567,SLS,13,0,58,8,4,8,0,0,0,1
879,WISEA J134259.37+555129.0,13h42m59.3764s,+55d51m29.070s,205.747402,55.8580751,G,20304.0677863626,0.06772708,SLS,8,0,42,7,4,4,0,0,0,1
880,WISEA J145731.64+500324.1,14h57m31.6486s,+50d03m24.149s,224.3818693,50.0567083,G,21721.9886801538,0.072456755,SLS,14,0,51,10,8,8,0,0,0,1
881,WISEA J111630.88+512434.9,11h16m30.8899s,+51d24m34.934s,169.128708,51.409704,G,34278.8302596165,0.11434187,SLS,17,0,63,7,6,10,0,0,1,0
882,WISEA J134303.08+554025.5,13h43m03.0877s,+55d40m25.510s,205.7628658,55.6737528,G,39353.2942812747,0.13126846,SLS,14,0,67,9,4,10,0,0,1,1
883,WISEA J135139.48+554635.9,13h51m39.4818s,+55d46m35.958s,207.9145077,55.7766551,G,2133.38219024223,0.007116197,SLS,10,0,51,11,7,8,0,0,0,1
884,WISEA J114316.03+505257.4,11h43m16.0432s,+50d52m57.637s,175.8168468,50.882677,G,18091.4855251886,0.0603467,SLS,1,0,35,6,2,4,0,0,0,0
885,2MASS J11435919+5121348,11h43m59.1799s,+51d21m34.905s,175.996583,51.3596959,G,51153.0085090961,0.17062807,SLS,12,0,45,9,8,8,0,0,0,1
886,WISEA J114942.54+521328.2,11h49m42.5479s,+52d13m28.293s,177.427283,52.224526,G,28570.1912681542,0.0952999,SLS,18,0,63,7,5,10,1,0,1,1
887,WISEA J112101.97+513913.7,11h21m01.9363s,+51d39m13.722s,170.2580682,51.6538118,G,29074.0524523148,0.0969806,SLS,1,0,31,6,3,4,0,0,0,0
888,WISEA J113520.30+510404.8,11h35m20.3041s,+51d04m04.884s,173.8346004,51.0680235,G,38384.227152488,0.128036,SLS,1,0,31,9,6,4,0,0,0,0
889,WISEA J112058.83+511125.9,11h20m58.8305s,+51d11m25.960s,170.2451273,51.1905445,G,45423.1322199091,0.15151526,SLS,11,0,41,11,7,4,0,0,0,1
890,WISEA J141838.69+543453.7,14h18m38.6966s,+54d34m53.715s,214.661236,54.5815877,G,17657.0322909042,0.05889752,SLS,11,0,51,7,5,8,0,0,0,1
891,WISEA J111701.78+505331.1,11h17m01.7886s,+50d53m31.195s,169.2574525,50.8919988,G,45901.523036838,0.153111,SLS,1,0,31,7,4,4,0,0,0,0
892,WISEA J113227.00+514507.3,11h32m27.0066s,+51d45m07.313s,173.1125276,51.7520314,G,34963.7780801074,0.11662661,SLS,12,0,53,9,5,6,0,0,1,1
893,WISEA J111913.71+510235.1,11h19m13.7184s,+51d02m35.185s,169.8071602,51.0431072,G,-87.144271276356,-0.000290682,SLS,1,0,23,5,2,4,0,0,0,0
894,WISEA J112414.72+503616.8,11h24m14.7650s,+50d36m16.373s,171.0615211,50.6045483,G,25528.7668024984,0.0851548,SLS,1,0,27,4,2,4,0,0,0,0
895,WISEA J114418.99+521715.0,11h44m18.9975s,+52d17m15.011s,176.0791563,52.2875032,G,39582.8753456111,0.13203426,SLS,18,0,48,7,5,6,1,0,1,1
896,WISEA J114811.01+510207.3,11h48m11.0154s,+51d02m07.398s,177.0458977,51.0353885,G,38394.719888518,0.128071,SLS,14,0,65,8,5,10,0,0,1,1
897,HETDEX J134524.67+552408.1,13h45m24.6679s,+55d24m08.092s,206.352783,55.402248,G,35091.007001358,0.117051,SLS,1,0,0,2,1,0,0,0,0,0
898,WISEA J111935.08+514300.6,11h19m35.0890s,+51d43m00.656s,169.8962044,51.7168489,G,23868.2463568822,0.0796159,SLS,14,0,62,8,8,10,0,0,1,2
899,HETDEX J122536.43+560928.2,12h25m36.4416s,+56d09m30.024s,186.40184,56.15834,G,0.0,0.0,SLS,1,0,0,2,1,0,0,0,0,0
900,WISEA J111449.35+502803.8,11h14m49.3571s,+50d28m03.821s,168.7056549,50.4677282,G,32111.069968838,0.107111,SLS,1,0,31,4,1,4,0,0,0,0
901,WISEA J112932.56+502108.4,11h29m32.5684s,+50d21m08.434s,172.3857017,50.3523429,G,33794.10482805,0.112725,SLS,1,0,31,6,3,4,0,0,0,0
902,WISEA J135712.58+513032.7,13h57m12.5839s,+51d30m32.753s,209.3024333,51.5090981,G,37279.3720277748,0.1243506,SLS,6,0,34,6,4,4,0,0,0,1
903,HETDEX J134702.40+513202.4,13h47m02.3985s,+51d32m02.371s,206.759994,51.533992,G,17683.557927588,0.058986,SLS,1,0,0,6,5,0,0,0,0,0
904,WISEA J135846.18+510948.8,13h58m46.1802s,+51d09m48.848s,209.6924175,51.1635691,G,0.0,0.0,SLS,1,0,23,4,1,4,0,0,0,0
905,WISEA J111530.67+515820.0,11h15m30.6783s,+51d58m20.047s,168.8778263,51.9722353,G,63497.6524898995,0.21180537,SLS,7,0,42,9,5,4,0,0,0,1
906,WISEA J114436.58+521453.5,11h44m36.5809s,+52d14m53.537s,176.1524205,52.2482048,G,0.0,0.0,SLS,1,0,22,4,1,3,0,0,0,0
907,WISEA J140908.78+543839.8,14h09m08.7847s,+54d38m39.898s,212.2866029,54.6444161,G,2338.980757316,0.007802,SLS,2,0,31,5,1,4,0,0,0,0
908,WISEA J140834.43+544740.4,14h08m34.4314s,+54d47m40.442s,212.1434642,54.7945673,G,12352.0536511953,0.041202016,SLS,8,0,36,7,5,4,0,0,0,1
909,WISEA J141755.41+541945.4,14h17m55.4101s,+54d19m45.419s,214.4808756,54.3292832,G,14446.2664578376,0.048187558,SLS,12,0,57,10,7,8,0,0,1,1
910,WISEA J110022.04+501928.4,11h00m22.0447s,+50d19m28.438s,165.0918533,50.3245663,G,37644.639158602,0.125569,SLS,11,0,51,8,6,8,0,0,0,1
911,WISEA J114501.81+520504.0,11h45m01.8157s,+52d05m04.072s,176.2575657,52.0844646,G,39716.50483584,0.13248,SLS,14,0,53,7,4,8,0,0,0,1
912,WISEA J114753.90+505856.6,11h47m53.9077s,+50d58m56.670s,176.9746154,50.9824085,G,16198.086298198,0.054031,SLS,1,0,16,4,1,0,0,0,0,0
913,HETDEX J141033.48+515244.0,14h10m33.4788s,+51d52m44.004s,212.639495,51.87889,G,24062.541848912,0.080264,SLS,1,0,0,2,1,0,0,0,0,0
914,WISEA J112203.57+515259.1,11h22m03.5733s,+51d52m59.181s,170.5148888,51.883106,G,40290.2326523375,0.13439375,SLS,12,0,57,8,5,8,0,0,0,1
915,WISEA J112225.19+513215.9,11h22m25.1967s,+51d32m15.953s,170.6049863,51.5377648,G,7692.1312483461,0.025658188,SLS,10,0,48,6,4,8,0,0,0,1
916,WISEA J113818.35+511747.6,11h38m18.3575s,+51d17m47.667s,174.5764897,51.2965744,G,39189.169902218,0.130721,SLS,1,0,33,7,3,4,0,0,0,0
917,WISEA J114124.02+513644.1,11h41m23.9910s,+51d36m43.788s,175.3499626,51.6121634,G,6910.1861776542,0.0230499,SLS,1,0,16,7,4,0,0,0,0,0
918,WISEA J113716.95+510234.8,11h37m16.9287s,+51d02m34.485s,174.3205364,51.0429125,G,8079.4966808374,0.0269503,SLS,11,0,38,9,5,4,0,0,0,1
919,WISEA J111945.32+505758.5,11h19m45.3249s,+50d57m58.509s,169.9388538,50.9662525,G,31832.262982898,0.106181,SLS,11,0,57,8,4,8,0,0,0,1
920,WISEA J135554.60+520727.7,13h55m54.6091s,+52d07m27.735s,208.977538,52.1243709,G,54042.4621819425,0.18026625,SLS,12,0,50,8,4,6,0,0,1,1
921,2MASX J11361907+5025302,11h36m19.0874s,+50d25m30.738s,174.079531,50.425205,G,85715.010732841,0.2859145,SLS,4,0,48,5,4,10,0,0,1,1
922,WISEA J114517.97+510527.2,11h45m17.9757s,+51d05m27.214s,176.3248989,51.0908929,G,39561.811927512,0.131964,SLS,1,0,31,4,1,4,0,0,0,0
923,WISEA J105120.81+501119.6,10h51m20.8189s,+50d11m19.691s,162.8367457,50.1888033,G,49156.3997325898,0.1639681,SLS,20,0,63,10,8,10,1,0,1,1
924,WISEA J114954.59+513444.8,11h49m54.5785s,+51d34m44.906s,177.4774106,51.5791406,G,11.9659761271036,3.99142e-05,SLS,1,0,21,5,2,4,0,0,0,0
925,WISEA J134651.65+520153.9,13h46m51.6578s,+52d01m53.934s,206.715241,52.0316484,G,15340.38007586,0.05117,SLS,1,0,27,3,1,4,0,0,0,0
926,WISEA J135912.23+505104.6,13h59m12.2315s,+50d51m04.642s,209.8009646,50.8512896,G,32121.4026156954,0.107145466,SLS,12,0,62,7,5,10,0,0,1,1
927,WISEA J113018.93+511136.9,11h30m18.9355s,+51d11m36.921s,172.5788981,51.1935893,G,53262.926843028,0.177666,SLS,11,0,44,11,7,4,0,0,0,1
928,WISEA J114331.95+510543.0,11h43m31.9532s,+51d05m43.022s,175.8831384,51.0952841,G,49202.537791876,0.164122,SLS,1,0,35,7,3,4,0,0,0,0
929,WISEA J140135.17+510030.9,14h01m35.1766s,+51d00m30.911s,210.3965695,51.0085866,G,38536.1829556745,0.12854287,SLS,12,0,55,10,7,8,0,0,0,1
930,WISEA J141027.40+513052.8,14h10m27.4004s,+51d30m52.807s,212.6141685,51.5146687,G,22181.64396742,0.07399,SLS,1,0,14,4,1,0,0,0,0,0
931,WISEA J113230.25+504538.5,11h32m30.2551s,+50d45m38.542s,173.1260629,50.7607061,G,59213.50734187,0.197515,SLS,1,0,31,5,2,4,0,0,0,0
932,WISEA J141618.84+513546.2,14h16m18.8459s,+51d35m46.255s,214.0785248,51.5961821,G,50089.623675098,0.167081,SLS,2,0,42,9,6,6,0,0,1,0
933,WISEA J112759.04+504446.8,11h27m59.0416s,+50d44m46.878s,171.9960069,50.746355,G,33144.154779106,0.110557,SLS,1,0,31,5,2,4,0,0,0,0
934,WISEA J141236.32+512138.9,14h12m36.3265s,+51d21m38.941s,213.1513608,51.3608172,G,22445.85405858,0.07487131,SLS,16,0,56,7,5,8,0,0,0,1
935,WISEA J141622.23+522544.1,14h16m22.2333s,+52d25m44.124s,214.0926391,52.4289234,G,21985.7895546086,0.0733367,SLS,4,0,43,7,3,4,0,0,0,0
936,WISEA J141730.26+541928.5,14h17m30.2618s,+54d19m28.518s,214.3760911,54.3245885,G,38359.2544407366,0.1279527,SLS,15,0,56,10,6,8,0,0,0,1
937,WISEA J123700.51+561802.6,12h37m00.5190s,+56d18m02.677s,189.2521627,56.3007437,QSO,334268.59067,1.115,SLS,30,0,41,10,15,8,0,1,0,1
938,WISEA J140542.36+550112.2,14h05m42.3653s,+55d01m12.249s,211.4265222,55.0200692,G,57387.2796130189,0.19142336,SLS,12,0,46,10,6,4,0,0,0,1
939,WISEA J142105.23+520631.7,14h21m05.2380s,+52d06m31.734s,215.2718251,52.1088151,G,-38.398617190472,-0.000128084,SLS,1,0,23,6,3,2,0,0,0,0
940,WISEA J141921.67+544551.0,14h19m21.6752s,+54d45m51.089s,214.8403137,54.7641914,G,26385.333813496,0.088012,SLS,1,0,31,5,2,4,0,0,0,0
941,SDSS J112546.28+513219.8,11h25m46.2833s,+51d32m19.741s,171.4428474,51.538817,G,21028.3723607398,0.0701431,SLS,1,0,19,4,2,4,0,0,0,0
942,WISEA J134831.02+545025.6,13h48m31.0271s,+54d50m25.629s,207.1292797,54.8404525,G,23403.897818686,0.078067,SLS,1,0,12,3,1,0,0,0,0,0
943,SDSS J141902.91+525251.1,14h19m02.9171s,+52d52m51.111s,214.7621546189,52.880864312,G,0.0,0.0,SLS,3,0,23,6,1,3,0,0,0,0
944,HETDEX J114902.84+520645.6,11h49m02.8380s,+52d06m45.601s,177.261825,52.112667,G,28619.087418054,0.095463,SLS,1,0,0,2,1,0,0,0,0,0
945,WISEA J111706.18+513048.4,11h17m06.1880s,+51d30m48.483s,169.2757835,51.5134676,G,32011.239080324,0.106778,SLS,1,0,37,6,2,4,0,0,0,0
946,WISEA J113831.74+504637.1,11h38m31.7457s,+50d46m37.178s,174.632274,50.7769939,G,20564.6533867054,0.0685963,SLS,1,0,39,7,2,4,0,0,0,0
947,WISEA J135536.09+512645.4,13h55m36.0952s,+51d26m45.474s,208.9003968,51.445965,G,24984.403657262,0.083339,SLS,1,0,29,4,1,4,0,0,0,0
948,WISEA J111523.90+501930.2,11h15m23.9016s,+50d19m30.207s,168.8495903,50.3250577,G,34471.036198214,0.114983,SLS,1,0,39,7,3,4,0,0,0,0
949,WISEA J140740.45+505843.5,14h07m40.4512s,+50d58m43.552s,211.918547,50.9787646,G,37824.9553283153,0.12617047,SLS,13,0,32,5,4,4,0,0,0,1
950,WISEA J112709.13+520129.4,11h27m09.1574s,+52d01m29.217s,171.7881561,52.0247827,G,14500.7813179852,0.0483694,SLS,1,0,31,6,3,4,0,0,0,0
951,WISEA J112024.69+503659.3,11h20m24.6988s,+50d36m59.354s,170.1029119,50.6164873,G,36470.052308158,0.121651,SLS,1,0,16,4,1,0,0,0,0,0
952,SDSS J112902.22+511445.8,11h29m02.2287s,+51d14m45.818s,172.2592864,51.2460608,G,10064.5124829928,0.0335716,SLS,1,0,21,5,2,4,0,0,0,0
953,WISEA J140754.12+550218.0,14h07m54.1279s,+55d02m18.097s,211.9755333,55.0383603,G,12886.878599588,0.042986,SLS,1,0,16,4,1,0,0,0,0,0
954,WISEA J114459.04+514205.7,11h44m59.0411s,+51d42m05.751s,176.2460048,51.7015975,G,38256.51556538,0.12761,SLS,1,0,33,6,3,4,0,0,0,0
955,WISEA J140511.88+552106.8,14h05m11.8874s,+55d21m06.869s,211.2995311,55.3519082,G,26574.6737361951,0.08864357,SLS,12,0,51,7,4,6,0,0,1,1
956,WISEA J114552.47+511850.6,11h45m52.4796s,+51d18m50.623s,176.468665,51.3140621,G,38135.998997264,0.127208,SLS,1,0,33,4,1,4,0,0,0,0
957,WISEA J141732.82+510044.5,14h17m32.8486s,+51d00m44.545s,214.3868695,51.0123736,G,14705.4496290618,0.0490521,SLS,1,0,12,4,2,0,0,0,0,0
958,WISEA J112250.96+513307.9,11h22m51.0215s,+51d33m07.067s,170.7125898,51.5519631,G,38359.644170932,0.127954,SLS,1,0,31,5,2,4,0,0,0,0
959,WISEA J110530.00+501452.8,11h05m30.0079s,+50d14m52.842s,166.3750329,50.2480119,G,36882.566730366,0.123027,SLS,1,0,35,5,1,4,0,0,0,0
960,WISEA J114954.85+514539.5,11h49m54.8580s,+51d45m39.598s,177.4785753,51.7609995,G,39948.544198332,0.133254,SLS,1,0,31,6,3,4,0,0,0,0
961,WISEA J142337.39+521815.8,14h23m37.3939s,+52d18m15.821s,215.9058081,52.3043949,*,0.0,0.0,SLS,1,0,29,6,1,4,0,0,0,0
962,WISEA J145936.39+533421.2,14h59m36.3929s,+53d34m21.219s,224.9016374,53.572561,G,23071.2481072892,0.0769574,SUN,10,0,48,9,5,6,0,0,1,0
963,2MASX J14382077+5354152,14h38m20.7816s,+53d54m14.641s,219.58659,53.904067,G,9618.68512285184,0.03208448,SLS,12,0,49,7,6,10,0,0,1,1
964,2MASX J14245140+5126228,14h24m51.3540s,+51d26m22.664s,216.213975,51.439629,G,20311.4486766786,0.0677517,SLS,15,0,38,7,5,6,0,0,1,1
965,WISEA J144818.83+510401.4,14h48m18.8368s,+51d04m01.406s,222.0784869,51.0670573,*,0.0,0.0,SLS,1,0,26,5,1,4,0,0,0,0
966,WISEA J143937.52+514045.9,14h39m37.5276s,+51d40m45.958s,219.906365,51.6794328,G,23342.2185183771,0.07786126,SLS,25,0,62,7,6,10,0,0,1,1
967,WISEA J143250.19+521819.6,14h32m50.1978s,+52d18m19.622s,218.2091575,52.3054506,G,3374.0741770526,0.0112547,SLS,11,0,49,14,12,8,0,0,0,1
968,WISEA J142347.09+543304.6,14h23m47.0953s,+54d33m04.615s,215.9462305,54.5512822,G,13299.4101099661,0.044362057,SLS,16,0,69,9,5,10,0,0,1,1
969,WISEA J145402.10+532625.4,14h54m02.1043s,+53d26m25.483s,223.508768,53.4404122,*,0.0,0.0,SLS,1,0,23,4,1,4,0,0,0,0
970,WISEA J125539.72+560647.8,12h55m39.7294s,+56d06m47.868s,193.9155393,56.1132969,*,-15.2013219438016,-5.0706152e-05,SLS,1,0,23,5,2,4,0,0,0,0
971,2MFGC 12107,14h56m36.9285s,+50d52m03.733s,224.1538689,50.8677037,G,22537.5845548788,0.07517729,SLS,21,0,72,11,6,10,0,0,1,1
972,WISEA J145755.49+514051.3,14h57m55.4952s,+51d40m51.364s,224.4812301,51.6809347,G,39694.8508265987,0.13240777,SLS,15,0,62,9,7,10,0,0,1,1
973,WISEA J142244.63+520702.2,14h22m44.6379s,+52d07m02.200s,215.6859914,52.1172779,G,20175.2229837634,0.0672973,SLS,13,0,49,11,9,8,0,0,0,1
974,WISEA J130623.93+561410.6,13h06m23.9353s,+56d14m10.679s,196.5997304,56.2362998,G,31792.6693929699,0.10604893,SLS,12,0,41,7,4,4,0,0,0,1
975,WISEA J145631.77+504951.1,14h56m31.7744s,+50d49m51.133s,224.1323935,50.8308704,G,22575.984970824,0.07530538,SLS,20,0,72,12,8,10,0,0,1,1
976,WISEA J143310.45+521333.7,14h33m10.4560s,+52d13m33.781s,218.2935669,52.2260504,G,21151.1625548573,0.070552684,SLS,14,0,57,9,5,8,0,0,0,1
977,WISEA J131400.51+561520.1,13h14m00.5102s,+56d15m20.124s,198.5021262,56.2555902,G,0.0,0.0,SLS,1,0,26,5,1,4,0,0,0,0
978,WISEA J142647.35+541345.1,14h26m47.3596s,+54d13m45.192s,216.6973319,54.2292202,G,13088.4980213667,0.04365853,SLS,19,0,67,10,7,10,1,0,1,1
979,WISEA J144934.31+520350.3,14h49m34.3111s,+52d03m50.397s,222.3929629,52.0639993,G,28500.3785984597,0.09506703,SLS,14,0,41,8,5,4,0,0,0,1
980,HETDEX J145654.28+512436.4,14h56m54.4663s,+51d24m38.455s,224.226943,51.410682,G,0.0,0.0,SLS,1,0,0,3,2,0,0,0,0,0
981,WISEA J142830.12+510304.5,14h28m30.1285s,+51d03m04.554s,217.1255357,51.051265,G,24431.8591758468,0.08149591,SLS,17,0,62,7,6,10,0,0,1,1
982,WISEA J143304.57+513120.3,14h33m04.5705s,+51d31m20.383s,218.2690441,51.5223287,G,7765.77226772922,0.025903828,SLS,21,0,68,17,11,10,0,0,1,1
983,WISEA J141846.37+524303.3,14h18m46.3605s,+52d43m03.381s,214.693169,52.717606,*,-64.992906347194,-0.000216793,SLS,5,0,54,10,3,4,0,0,0,0
984,WISEA J145305.78+532113.6,14h53m05.7839s,+53d21m13.641s,223.2740999,53.3537892,G,35005.5391695068,0.11676591,SLS,14,0,57,8,5,8,0,0,1,1
985,WISEA J145437.64+505514.3,14h54m37.6485s,+50d55m14.337s,223.656869,50.9206494,G,26334.0303301585,0.08784087,SLS,12,0,47,5,4,8,0,0,0,1
986,WISEA J145450.04+505639.2,14h54m50.0405s,+50d56m39.215s,223.7085024,50.9442265,G,11210.503330038,0.037394214,SLS,11,0,59,9,5,8,0,0,0,1
987,WISEA J142615.08+513333.0,14h26m15.0861s,+51d33m33.070s,216.5628591,51.5591863,G,9621.1494168566,0.0320927,SLS,16,0,63,8,7,10,0,0,1,1
988,WISEA J142805.31+510339.9,14h28m05.3123s,+51d03m39.957s,217.0221348,51.0610992,G,22532.40114328,0.07516,SLS,14,0,55,10,7,8,0,0,0,1
989,WISEA J143741.87+514548.6,14h37m41.8714s,+51d45m48.615s,219.4244645,51.7635044,G,27345.8988281738,0.0912161,SLS,15,0,53,12,9,8,0,0,0,1
990,WISEA J144219.58+520946.6,14h42m19.5861s,+52d09m46.668s,220.581609,52.1629634,G,19653.1164306089,0.06555574,SLS,13,0,41,10,7,4,0,0,0,1
991,WISEA J144224.05+514141.7,14h42m24.0520s,+51d41m41.762s,220.600217,51.6949341,G,10112.0110004534,0.033730038,SLS,12,0,36,6,4,4,0,0,0,1
992,WISEA J145856.53+535149.8,14h58m56.5377s,+53d51m49.871s,224.7355739,53.8638533,G,28733.1134794543,0.09584335,SLS,12,0,76,8,4,10,0,0,1,1
993,WISEA J145936.85+533451.7,14h59m36.8533s,+53d34m51.776s,224.9035554,53.581049,G,22394.9807774197,0.074701615,SLS,14,0,58,8,5,8,0,0,0,1
994,WISEA J143906.04+503952.5,14h39m06.0445s,+50d39m52.569s,219.7751856,50.6646025,G,13989.9340701758,0.046665397,SLS,11,0,32,5,4,4,0,0,0,1
995,WISEA J145257.79+514122.2,14h52m57.7989s,+51d41m22.212s,223.240829,51.6895035,G,0.0,0.0,SLS,1,0,26,5,1,4,0,0,0,0
996,WISEA J145814.99+511929.8,14h58m14.9996s,+51d19m29.859s,224.5624984,51.3249609,G,0.0,0.0,SLS,1,0,23,4,1,4,0,0,0,0
997,WISEA J145529.90+512356.9,14h55m29.9014s,+51d23m56.921s,223.8745892,51.3991449,G,19358.7277316644,0.064573765,SLS,11,0,51,9,7,8,0,0,0,1
998,WISEA J144430.39+504300.4,14h44m30.3908s,+50d43m00.462s,221.1266287,50.7167951,G,21391.3430813387,0.07135384,SLS,13,0,66,8,4,10,0,0,1,1
999,WISEA J143435.88+515050.0,14h34m35.8805s,+51d50m50.004s,218.6495022,51.8472235,G,22806.5868284799,0.076074585,SLS,12,0,53,7,3,8,0,0,0,1
1000,WISEA J144535.19+520635.5,14h45m35.1923s,+52d06m35.589s,221.3966349,52.1098859,G,28580.0526412677,0.095332794,SLS,15,0,65,9,7,10,0,0,1,1
